<?xml version='1.0' encoding='utf-8' standalone='yes' ?>
<map>
    <boolean name="abu_saleh_status_and_photo" value="true" />
    <string name="x_statusesrow_fix">1</string>
    <int name="quoted_text_picker" value="-11515816" />
    <int name="tittle_size" value="20" />
    <boolean name="disable_hiddenchat_access" value="true" />
    <boolean name="my_statusd" value="true" />
    <boolean name="abu_saleh_toast_typing_bc_check" value="true" />
    <boolean name="imsHideVStatus" value="true" />
    <boolean name="abu_saleh_toast_profile_cs" value="true" />
    <int name="abu_saleh_toast_profile_tc" value="-15198168" />
    <int name="key_updown_iconcolor" value="-1" />
    <int name="abu_saleh_toast_online_rd" value="23" />
    <boolean name="ModContactNameColor_Gactive" value="false" />
    <boolean name="newAttach_BottomDesign" value="false" />
    <boolean name="Conv_call_btn" value="false" />
    <string name="animation_drawableshatssss">0</string>
    <boolean name="Hide_div" value="true" />
    <boolean name="yo_want_ghostmode" value="false" />
    <int name="abu_saleh_toast_typing_bc_GC" value="1140322805" />
    <boolean name="key_mas_hide_archive_home" value="false" />
    <boolean name="key_hide_unsaved_num" value="true" />
    <boolean name="HomeBarText_Gactive" value="false" />
    <int name="intensitasshatrs" value="5" />
    <int name="key_msnewstab_GC" value="1140322805" />
    <boolean name="MetaAI" value="true" />
    <int name="key_dwh_size_row" value="80" />
    <boolean name="abu_saleh_toast_online_bc_Gactive" value="true" />
    <string name="pp0">19</string>
    <boolean name="abu_saleh_forward_tovoice" value="false" />
    <boolean name="abu_saleh_toast_profile_el" value="false" />
    <boolean name="onlinechat" value="false" />
    <string name="detik2">0</string>
    <boolean name="enable_fivminstatus" value="true" />
    <int name="abu_saleh_toast_status_bc_GC" value="1140322805" />
    <string name="ui_home_styleV3">stock</string>
    <boolean name="key_tt" value="true" />
    <string name="key_edit_hidden_msg">!!MENSAGEM OCULTA!!</string>
    <string name="convostyle">1</string>
    <int name="quoted_bg_picker_GCDir" value="1" />
    <int name="HomeCounterBK" value="-11515816" />
    <int name="ModChatBubbleTextLeft" value="-11515816" />
    <boolean name="abu_saleh_toast_status_tc_check" value="true" />
    <int name="ModHomeMentionIconColor" value="-464656" />
    <boolean name="enable_grp_separationV2" value="true" />
    <int name="ModChatColor_GC" value="1140322805" />
    <int name="quoted_divider_picker" value="0" />
    <int name="abu_saleh_toast_online_tc" value="-15198168" />
    <boolean name="abu_saleh_toast_online_cs" value="true" />
    <boolean name="ModConTextColor_Gactive" value="false" />
    <boolean name="bubble_more_options_dlg" value="true" />
    <boolean name="hide_action_mas" value="false" />
    <string name="ic_attachment_bg">16</string>
    <boolean name="abu_saleh_toast_status_view" value="true" />
    <boolean name="key_method_endgp" value="false" />
    <boolean name="yo_hideinfo" value="true" />
    <string name="animation_drawable">0</string>
    <boolean name="Hide_contact_picker_section_recent_chats" value="false" />
    <boolean name="abosaleh_mention_member" value="false" />
    <int name="HomeCounterText" value="-464656" />
    <boolean name="direkt_link_degistir" value="false" />
    <string name="ppsf">0</string>
    <boolean name="arch_chats_top" value="true" />
    <boolean name="abu_saleh_research" value="false" />
    <boolean name="onlineDotchat" value="false" />
    <int name="arxileft" value="45" />
    <string name="pps">0</string>
    <int name="ModlastseenColor" value="-3116928" />
    <boolean name="Hide_contact_picker_section_frequent_chats" value="false" />
    <boolean name="status_wantsendconfirmation" value="true" />
    <int name="key_msnewstab4" value="1" />
    <int name="key_msnewstab2" value="18" />
    <int name="BGColor" value="-5129" />
    <int name="key_msnewstab1" value="-11515816" />
    <boolean name="enable_statuspage_extras" value="true" />
    <int name="abu_saleh_toast_online_bc" value="-481347" />
    <int name="abu_saleh_toast_typing_bc_GOrient" value="6" />
    <boolean name="on_anim" value="true" />
    <boolean name="key_msnewstab_check" value="true" />
    <int name="quoted_bg_picker" value="-464656" />
    <boolean name="hrotation" value="false" />
    <int name="speedshats" value="10" />
    <boolean name="abu_saleh_toast_typing_view" value="true" />
    <boolean name="pagetitle_picker_Gactive" value="false" />
    <boolean name="hide_perfil" value="false" />
    <string name="last_seen">Soy Minnie Mouse</string>
    <boolean name="banner_clock" value="true" />
    <boolean name="statuschat" value="true" />
    <boolean name="abu_saleh_play_voice_note" value="false" />
    <boolean name="quoted_divider_picker_Gactive" value="false" />
    <boolean name="multiChats" value="false" />
    <int name="sub_tittle_size" value="10" />
    <int name="pagetitle_sel_picker" value="-6268824" />
    <boolean name="key_send_hidden_msg" value="false" />
    <boolean name="onlineDotchatColor_Gactive" value="false" />
    <int name="ModChatColor" value="-131329" />
    <boolean name="hide_translation_icon" value="false" />
    <int name="abu_saleh_toast_status_bc" value="-481347" />
    <boolean name="HomeCounterBK_Gactive" value="false" />
    <boolean name="home_imgBK" value="true" />
    <boolean name="quoted_name_picker_Gactive" value="false" />
    <int name="abu_saleh_toast_status_tc" value="-15198168" />
    <boolean name="custom_wall_profilepic" value="false" />
    <boolean name="abu_saleh_toast_status_cs" value="true" />
    <boolean name="stkr_wantsendconfirmation" value="true" />
    <string name="ConvoEntry">25</string>
    <int name="ModConColor" value="-131329" />
    <boolean name="key_grsHeader" value="true" />
    <string name="key_custom_iconup">10</string>
    <string name="x_callsrow_fix">1</string>
    <string name="ic_attachment_galery">3</string>
    <string name="ic_attachment_poll">7</string>
    <string name="tick_style">sc</string>
    <int name="abu_saleh_toast_status_bc_GOrient" value="6" />
    <int name="ModConPickColor_GC" value="1140322805" />
    <boolean name="hide_fab" value="true" />
    <string name="ic_attachment_device">7</string>
    <int name="abu_saleh_toast_profile_rd" value="23" />
    <boolean name="key_hide_scrollup" value="false" />
    <boolean name="ModDarkConPickColor_check" value="true" />
    <boolean name="imsHideMStatus" value="true" />
    <boolean name="ModChatTextColor_Gactive" value="false" />
    <int name="speed" value="10" />
    <boolean name="key_quick_view" value="false" />
    <boolean name="my_name" value="true" />
    <int name="mas_latarkontak2" value="-20522" />
    <int name="pagetitle_picker" value="-11515816" />
    <boolean name="TxtSelect" value="true" />
    <int name="BGColor_GC" value="1140322805" />
    <int name="abu_saleh_toast_profile_bc" value="-481347" />
    <string name="key_change_the_entry">X - WhatsApp ❤️‍🔥</string>
    <boolean name="PicHead" value="true" />
    <boolean name="key_botPP" value="true" />
    <boolean name="hide_action_a" value="false" />
    <boolean name="hide_action_b" value="false" />
    <string name="inconvo_trans_option">in-y</string>
    <string name="x_ptt_start_record">2</string>
    <boolean name="abu_saleh_toast_typing_bc_Gactive" value="true" />
    <int name="key_msnewstab_GOrient" value="6" />
    <boolean name="quoted_text_picker_Gactive" value="false" />
    <int name="abu_saleh_toast_status_rd" value="23" />
    <boolean name="crotation" value="false" />
    <boolean name="ModConPickColor_Gactive" value="true" />
    <string name="HomeEntry">xwa11</string>
    <int name="main_text" value="17" />
    <boolean name="ModChatRightBubble_Gactive" value="false" />
    <boolean name="key_comun" value="false" />
    <boolean name="ModConColor_Gactive" value="true" />
    <int name="text_size_pick" value="16" />
    <string name="ic_attachment_event">2</string>
    <int name="ModChatBubbleText" value="-11515816" />
    <int name="rvkdmsg_icon_color" value="-15198168" />
    <string name="key_chat_animation">1</string>
    <boolean name="hide_banner" value="true" />
    <string name="key_quick_position">top</string>
    <boolean name="quoted_bg_picker_Gactive" value="true" />
    <string name="menit2">0</string>
    <boolean name="hide_action_s" value="false" />
    <int name="ModFabNormalColor" value="-481347" />
    <boolean name="hide_action_l" value="false" />
    <boolean name="hide_action_m" value="false" />
    <int name="ModContactNameColor" value="-15198168" />
    <boolean name="Audio_sensor" value="true" />
    <boolean name="MasOption" value="true" />
    <string name="key_admicon_list">0</string>
    <boolean name="abu_saleh_toast_typing_cs" value="true" />
    <int name="key_msnewstab" value="-4872" />
    <int name="abu_saleh_toast_typing_tc" value="-15198168" />
    <boolean name="abu_saleh_toast_online_tc_check" value="true" />
    <boolean name="abu_saleh_toast_online_bc_check" value="true" />
    <boolean name="BGColor_Gactive" value="true" />
    <int name="abu_saleh_toast_online_bc_GC" value="1140322805" />
    <string name="jamm">4</string>
    <int name="intensitas" value="5" />
    <string name="abu_saleh_toast_status_gv">0</string>
    <boolean name="NameProf" value="false" />
    <int name="ModChatRightBubble" value="-464656" />
    <boolean name="ModHomeMentionIconColor_Gactive" value="false" />
    <int name="quickText" value="-1" />
    <int name="ModChatLeftBubble" value="-464656" />
    <boolean name="key_snow_chats" value="false" />
    <int name="abu_saleh_toast_online_bc_GOrient" value="6" />
    <boolean name="key_snow_home" value="false" />
    <boolean name="tittle_center" value="false" />
    <boolean name="pagetitle_sel_picker_Gactive" value="false" />
    <int name="quoted_bg_picker_GC" value="-481347" />
    <boolean name="abu_saleh_toast_online_view" value="true" />
    <string name="x_anim_style">1</string>
    <boolean name="yo_want_airplanemode" value="false" />
    <int name="ModDarkConPickColor" value="-131329" />
    <boolean name="key_hide_scrolldown" value="false" />
    <string name="ic_attachment_cam">1</string>
    <boolean name="yo_multi_account_menu" value="false" />
    <int name="ModConTextColor" value="-6780784" />
    <string name="ic_attachment_documents">1</string>
    <boolean name="key_with_thumb" value="true" />
    <boolean name="disableDTTL" value="true" />
    <string name="papan">6</string>
    <int name="abu_saleh_toast_typing_rd" value="23" />
    <boolean name="yo_want_toolbar_camV2" value="false" />
    <boolean name="ModOnlineColor_Gactive" value="false" />
    <string name="jaaam2">28</string>
    <boolean name="PicProf" value="false" />
    <string name="tabb">0</string>
    <int name="BGColor_GCDir" value="3" />
    <boolean name="abu_saleh_toast_status_el" value="false" />
    <boolean name="key_msnewstab_Gactive" value="true" />
    <string name="ic_attachment_ia">5</string>
    <int name="abu_saleh_toast_typing_bc" value="-481347" />
    <int name="ModConPickColor_GCDir" value="0" />
    <string name="key_custom_icondown">10</string>
    <boolean name="ModChatColor_Gactive" value="true" />
    <string name="bubble_style">alfab20</string>
    <boolean name="ModChatLeftBubble_Gactive" value="false" />
    <string name="ic_attachment_pix">2</string>
    <int name="ModChatColor_GCDir" value="0" />
    <boolean name="abu_saleh_key_fab_caht" value="false" />
    <boolean name="AttBt" value="false" />
    <boolean name="HomeCounterText_Gactive" value="false" />
    <boolean name="getDefaultContactTypingColor_Gactive" value="false" />
    <boolean name="abu_saleh_toast_online_el" value="false" />
    <boolean name="ModDarkConPickColor_Gactive" value="false" />
    <boolean name="ModChatBubbleText_Gactive" value="false" />
    <string name="key_chats_listanimation">1</string>
    <string name="abu_saleh_toast_profile_gv">0</string>
    <int name="abu_saleh_toast_profile_bc_GOrient" value="6" />
    <boolean name="abu9aleh_status_audio" value="true" />
    <int name="quoted_name_picker" value="-15198168" />
    <int name="abu_saleh_toast_profile_bc_GC" value="1140322805" />
    <int name="HomeBarText" value="-15198168" />
    <boolean name="imsHideRStatus" value="false" />
    <boolean name="tittle_bold" value="true" />
    <string name="abu_saleh_toast_typing_gv">0</string>
    <boolean name="abu_saleh_toast_profile_view" value="false" />
    <boolean name="log_show_name_check" value="true" />
    <boolean name="on_shadow_text" value="true" />
    <boolean name="abu_saleh_toast_status_bc_check" value="true" />
    <boolean name="ModHomeMentionIndBackground_Gactive" value="false" />
    <string name="ic_attachment_location">5</string>
    <boolean name="key_header" value="false" />
    <boolean name="isSwipeEnabledV2" value="false" />
    <boolean name="Hide_contact_picker_section_other_contacts" value="false" />
    <int name="fab_rounded_key" value="36" />
    <string name="x_sound_incoming">3</string>
    <string name="menit">4</string>
    <boolean name="enable_ig_stories" value="false" />
    <int name="ModConPickColor" value="-131329" />
    <boolean name="abu_saleh_toast_status_bc_Gactive" value="true" />
    <boolean name="abu_saleh_toast_profile_bc_check" value="true" />
    <boolean name="abu_saleh_toast_profile_tc_check" value="true" />
    <boolean name="admin_abosaleh" value="false" />
    <int name="arxiright" value="45" />
    <string name="key_story_view">7</string>
    <int name="getDefaultContactTypingColor" value="-3116928" />
    <boolean name="read_more" value="true" />
    <string name="abu_saleh_quickcontact">2</string>
    <boolean name="abu_saleh_toast_typing_el" value="false" />
    <int name="key_mas_setBackground_quick" value="-1" />
    <string name="bubble_dimen">1</string>
    <boolean name="rvkdmsg_icon_color_Gactive" value="false" />
    <boolean name="yo_want_nightmode" value="false" />
    <int name="ModConColor_GCDir" value="3" />
    <string name="abu_saleh_toast_online_gv">0</string>
    <int name="quickBK" value="-20522" />
    <boolean name="abu_saleh_hide_community_icon" value="true" />
    <int name="key_msnewscar2" value="12" />
    <boolean name="abu_saleh_toast_typing_tc_check" value="true" />
    <boolean name="abu_saleh_toast_profile_bc_Gactive" value="true" />
    <boolean name="custom_wall" value="false" />
    <boolean name="ModChatBubbleTextLeft_Gactive" value="false" />
    <boolean name="ModChatEntry_Gactive" value="false" />
    <boolean name="elapsed_time" value="false" />
    <boolean name="ModlastseenColor_Gactive" value="false" />
    <int name="onlineDotchatColor" value="-3116928" />
    <int name="ModHomeMentionIndBackground" value="-11515816" />
    <int name="key_updown_bgcolor" value="-20522" />
    <boolean name="ModFabNormalColor_Gactive" value="false" />
    <string name="x_sound_send_message">4</string>
    <string name="key_pager_animation">1</string>
    <boolean name="Audio_ears" value="false" />
    <int name="ModChatEntry" value="1140322805" />
    <string name="x_channelrow_fix">1</string>
    <int name="square_photo_ratio_picker" value="100" />
    <int name="ModChatTextColor" value="-15198168" />
    <string name="x_ptt_stop_record">1</string>
    <string name="key_dial2">0</string>
    <string name="ic_attachment_contact">6</string>
    <string name="ic_attachment_audio">2</string>
    <string name="jamm2">0</string>
    <int name="ModConColor_GC" value="1140322805" />
    <int name="ModOnlineColor" value="-3116928" />
</map>
