<?xml version='1.0' encoding='utf-8' standalone='yes' ?>
<map>
    <boolean name="abu_saleh_status_and_photo" value="true" />
    <int name="ModChaSendBKColor" value="-15724496" />
    <int name="quoted_text_picker" value="-203287" />
    <string name="x_statusesrow_fix">1</string>
    <int name="tittle_size" value="18" />
    <boolean name="disable_hiddenchat_access" value="true" />
    <boolean name="my_statusd" value="true" />
    <boolean name="abu_saleh_toast_typing_bc_check" value="true" />
    <boolean name="imsHideVStatus" value="true" />
    <boolean name="abu_saleh_toast_profile_cs" value="true" />
    <int name="abu_saleh_toast_profile_tc" value="-15724496" />
    <int name="key_updown_iconcolor" value="-15724496" />
    <int name="abu_saleh_toast_online_rd" value="23" />
    <boolean name="key_lxfundoquick_Gactive" value="true" />
    <boolean name="ModContactNameColor_Gactive" value="false" />
    <boolean name="date_bubble_color_picker_Gactive" value="false" />
    <boolean name="newAttach_BottomDesign" value="false" />
    <boolean name="Conv_call_btn" value="false" />
    <boolean name="ModFabTextColor_Gactive" value="false" />
    <boolean name="Hide_div" value="true" />
    <boolean name="yo_want_ghostmode" value="false" />
    <int name="abu_saleh_toast_typing_bc_GC" value="-203287" />
    <boolean name="key_mas_hide_archive_home" value="false" />
    <boolean name="key_hide_unsaved_num" value="true" />
    <boolean name="HomeBarText_Gactive" value="false" />
    <boolean name="key_anim" value="false" />
    <string name="lx_anim_style">1</string>
    <int name="key_msnewstab_GC" value="-2229764" />
    <boolean name="MetaAI" value="false" />
    <boolean name="key_ttab1" value="true" />
    <boolean name="key_ttab2" value="true" />
    <int name="key_dwh_size_row" value="80" />
    <boolean name="abu_saleh_toast_online_bc_Gactive" value="true" />
    <string name="pp0">1</string>
    <int name="emojipopup_body_GC" value="-2229764" />
    <boolean name="abu_saleh_forward_tovoice" value="false" />
    <boolean name="abu_saleh_toast_profile_el" value="true" />
    <boolean name="onlinechat" value="false" />
    <string name="detik3">0</string>
    <string name="detik1">8</string>
    <string name="detik2">0</string>
    <boolean name="enable_fivminstatus" value="true" />
    <int name="abu_saleh_toast_status_bc_GC" value="-203287" />
    <string name="ui_home_styleV3">ios</string>
    <string name="key_edit_hidden_msg">!!MENSAGEM OCULTA!!</string>
    <string name="convostyle">1</string>
    <boolean name="key_tt" value="true" />
    <boolean name="Hussein_FakesRealsChats" value="false" />
    <int name="quoted_bg_picker_GCDir" value="1" />
    <int name="HomeCounterBK" value="-154430" />
    <int name="ModChatBubbleTextLeft" value="-15724496" />
    <boolean name="abu_saleh_toast_status_tc_check" value="true" />
    <int name="ModHomeMentionIconColor" value="-15724496" />
    <boolean name="enable_grp_separationV2" value="true" />
    <int name="ModChatColor_GC" value="402587647" />
    <int name="quoted_divider_picker" value="15072765" />
    <int name="key_updown_bgcolor_GOrient" value="0" />
    <int name="abu_saleh_toast_online_tc" value="-15724496" />
    <boolean name="abu_saleh_toast_online_cs" value="true" />
    <int name="ModFabTextColor" value="-15724496" />
    <boolean name="bubble_more_options_dlg" value="true" />
    <boolean name="ModConTextColor_Gactive" value="false" />
    <boolean name="hide_action_mas" value="false" />
    <string name="ppcf">0</string>
    <string name="ic_attachment_bg">0</string>
    <boolean name="abu_saleh_toast_status_view" value="true" />
    <boolean name="key_method_endgp" value="false" />
    <boolean name="key_msnewscar_check" value="true" />
    <boolean name="yo_hideinfo" value="true" />
    <boolean name="Hide_contact_picker_section_recent_chats" value="false" />
    <boolean name="abosaleh_mention_member" value="false" />
    <int name="HomeCounterText" value="-15724496" />
    <boolean name="key_mas_setBackground_quick_check" value="true" />
    <boolean name="hide_barradepesquisa" value="true" />
    <boolean name="direkt_link_degistir" value="false" />
    <string name="ppsf">27</string>
    <boolean name="arch_chats_top" value="true" />
    <boolean name="hide_profile" value="true" />
    <boolean name="abu_saleh_research" value="false" />
    <boolean name="onlineDotchat" value="true" />
    <int name="ModChatBubbleHyperlinks" value="-6809520" />
    <boolean name="key_hideanim2" value="true" />
    <string name="pps">0</string>
    <int name="ModlastseenColor" value="-6809520" />
    <boolean name="Hide_contact_picker_section_frequent_chats" value="false" />
    <boolean name="status_wantsendconfirmation" value="true" />
    <int name="key_msnewstab4" value="1" />
    <int name="key_msnewstab2" value="18" />
    <int name="BGColor" value="15072765" />
    <int name="key_msnewstab1" value="-15724496" />
    <boolean name="enable_statuspage_extras" value="true" />
    <int name="abu_saleh_toast_online_bc" value="-154430" />
    <int name="abu_saleh_toast_typing_bc_GOrient" value="6" />
    <boolean name="on_anim" value="true" />
    <boolean name="key_msnewstab_check" value="true" />
    <int name="quoted_bg_picker" value="-15724496" />
    <boolean name="abu_saleh_toast_typing_view" value="true" />
    <string name="last_seen">X WhatsApp 😎</string>
    <boolean name="hide_perfil" value="false" />
    <boolean name="statuschat" value="true" />
    <boolean name="banner_clock" value="true" />
    <string name="lx_statusesrow_fix">1</string>
    <boolean name="abu_saleh_play_voice_note" value="false" />
    <boolean name="quoted_divider_picker_Gactive" value="false" />
    <boolean name="multiChats" value="false" />
    <int name="sub_tittle_size" value="10" />
    <boolean name="ModChaSendColor_Gactive" value="false" />
    <int name="ModChatEmojiColor" value="-15724496" />
    <int name="ModChaSendColor" value="-2229764" />
    <boolean name="key_send_hidden_msg" value="false" />
    <boolean name="onlineDotchatColor_Gactive" value="false" />
    <int name="ModChatColor" value="-197380" />
    <boolean name="hide_translation_icon" value="true" />
    <int name="abu_saleh_toast_status_bc" value="-154430" />
    <boolean name="emojipopup_header_Gactive" value="false" />
    <boolean name="HomeCounterBK_Gactive" value="false" />
    <boolean name="home_imgBK" value="true" />
    <string name="lx_callsrow_fix">1</string>
    <int name="key_mas_icon_quickcontact" value="-2229764" />
    <boolean name="quoted_name_picker_Gactive" value="false" />
    <boolean name="hide_clock" value="false" />
    <int name="abu_saleh_toast_status_tc" value="-15724496" />
    <boolean name="custom_wall_profilepic" value="false" />
    <boolean name="abu_saleh_toast_status_cs" value="true" />
    <int name="key_lxfundoquick1" value="-15724496" />
    <int name="key_lxfundoquick2" value="18" />
    <boolean name="stkr_wantsendconfirmation" value="true" />
    <boolean name="date_right_color_Gactive" value="false" />
    <boolean name="key_lxfundoquick_check" value="true" />
    <int name="key_lxfundoquick4" value="1" />
    <string name="ConvoEntry">7</string>
    <int name="ModConColor" value="-197380" />
    <string name="key_custom_iconup">3</string>
    <boolean name="key_grsHeader" value="true" />
    <int name="key_msnewscar_GC" value="-2229764" />
    <string name="ic_attachment_galery">0</string>
    <string name="x_callsrow_fix">1</string>
    <string name="ic_attachment_poll">0</string>
    <string name="tick_style">jessy</string>
    <int name="abu_saleh_toast_status_bc_GOrient" value="6" />
    <int name="ModConPickColor_GC" value="402587647" />
    <boolean name="hide_fab" value="true" />
    <string name="ic_attachment_device">0</string>
    <int name="abu_saleh_toast_profile_rd" value="23" />
    <boolean name="key_hide_scrollup" value="false" />
    <boolean name="ModDarkConPickColor_check" value="true" />
    <boolean name="imsHideMStatus" value="true" />
    <boolean name="ModChatTextColor_Gactive" value="false" />
    <string name="ui_bottom_style">ios</string>
    <boolean name="key_quick_view" value="false" />
    <boolean name="my_name" value="true" />
    <int name="mas_latarkontak2" value="-16734076" />
    <boolean name="TxtSelect" value="true" />
    <int name="abu_saleh_toast_profile_bc" value="-154430" />
    <string name="key_change_the_entry">X - WhatsApp ❤️‍🔥</string>
    <string name="lx_sound_send_message">0</string>
    <boolean name="PicHead" value="false" />
    <boolean name="key_botPP" value="true" />
    <boolean name="hide_action_a" value="false" />
    <boolean name="hide_action_b" value="false" />
    <string name="inconvo_trans_option">in-y</string>
    <boolean name="Set_Joun_Name" value="true" />
    <string name="x_ptt_start_record">0</string>
    <boolean name="abu_saleh_toast_typing_bc_Gactive" value="true" />
    <int name="key_msnewstab_GOrient" value="6" />
    <boolean name="key_name_stories_Gactive" value="false" />
    <boolean name="quoted_text_picker_Gactive" value="false" />
    <int name="abu_saleh_toast_status_rd" value="23" />
    <boolean name="ModConPickColor_Gactive" value="true" />
    <string name="HomeEntry">yousef</string>
    <boolean name="statuses_bar_text_picker_Gactive" value="false" />
    <int name="date_divider_color_picker" value="-15724496" />
    <int name="main_text" value="17" />
    <boolean name="ModChatRightBubble_Gactive" value="false" />
    <boolean name="key_comun" value="true" />
    <boolean name="ModConColor_Gactive" value="true" />
    <int name="text_size_pick" value="16" />
    <string name="ic_attachment_event">0</string>
    <int name="key_name_stories" value="-15724496" />
    <int name="ModChatBubbleText" value="-15724496" />
    <int name="rvkdmsg_icon_color" value="-203287" />
    <string name="key_chat_animation">1</string>
    <boolean name="hide_banner" value="true" />
    <boolean name="key_updown_bgcolor_Gactive" value="true" />
    <string name="key_quick_position">top</string>
    <int name="emojipopup_icons" value="-2229764" />
    <boolean name="quoted_bg_picker_Gactive" value="true" />
    <string name="menit3">0</string>
    <string name="menit2">0</string>
    <string name="menit1">8</string>
    <boolean name="hide_action_s" value="false" />
    <int name="ModFabNormalColor" value="-154430" />
    <boolean name="hide_action_l" value="false" />
    <boolean name="hide_action_m" value="false" />
    <int name="ModContactNameColor" value="-6809520" />
    <boolean name="Audio_sensor" value="true" />
    <boolean name="MasOption" value="true" />
    <string name="key_admicon_list">5</string>
    <boolean name="abu_saleh_toast_typing_cs" value="true" />
    <int name="key_msnewstab" value="-154430" />
    <int name="abu_saleh_toast_typing_tc" value="-15724496" />
    <int name="UnSeenColor" value="-6809520" />
    <boolean name="abu_saleh_toast_online_tc_check" value="true" />
    <boolean name="abu_saleh_toast_online_bc_check" value="true" />
    <boolean name="BGColor_Gactive" value="false" />
    <int name="abu_saleh_toast_online_bc_GC" value="-203287" />
    <int name="date_right_color" value="-154430" />
    <int name="emojipopup_body" value="-1" />
    <string name="jamm">0</string>
    <string name="abu_saleh_toast_status_gv">0</string>
    <boolean name="NameProf" value="false" />
    <boolean name="ModChatEmojiColor_Gactive" value="false" />
    <boolean name="emojipopup_body_Gactive" value="false" />
    <boolean name="ModChatBtnColor_Gactive" value="false" />
    <int name="ModChatRightBubble" value="-154430" />
    <boolean name="Joun_About" value="true" />
    <boolean name="ModHomeMentionIconColor_Gactive" value="false" />
    <int name="quickText" value="-1" />
    <int name="key_msnewscar_GOrient" value="0" />
    <int name="ModChatLeftBubble" value="-15724496" />
    <boolean name="ModChaSendBKColor_Gactive" value="false" />
    <int name="abu_saleh_toast_online_bc_GOrient" value="6" />
    <boolean name="tittle_center" value="false" />
    <int name="quoted_bg_picker_GC" value="-154430" />
    <boolean name="abu_saleh_toast_online_view" value="true" />
    <boolean name="yo_want_airplanemode" value="false" />
    <string name="x_anim_style">1</string>
    <boolean name="key_hide_scrolldown" value="false" />
    <int name="ModDarkConPickColor" value="-197380" />
    <string name="ic_attachment_cam">0</string>
    <boolean name="yo_multi_account_menu" value="false" />
    <int name="ModConTextColor" value="-15724496" />
    <string name="ic_attachment_documents">0</string>
    <boolean name="key_with_thumb" value="true" />
    <boolean name="disableDTTL" value="true" />
    <int name="key_updown_bgcolor_GC" value="-203287" />
    <int name="abu_saleh_toast_typing_rd" value="23" />
    <string name="papan">0</string>
    <int name="key_lxfundoquick_GOrient" value="6" />
    <boolean name="yo_want_toolbar_camV2" value="false" />
    <boolean name="ModOnlineColor_Gactive" value="false" />
    <string name="jaaam2">0</string>
    <boolean name="PicProf" value="false" />
    <string name="tabb">0</string>
    <boolean name="date_divider_color_picker_Gactive" value="false" />
    <int name="key_msnewscar" value="-154430" />
    <boolean name="key_ttab" value="false" />
    <boolean name="abu_saleh_toast_status_el" value="false" />
    <boolean name="hussein_verifiedtick" value="true" />
    <boolean name="key_msnewstab_Gactive" value="true" />
    <boolean name="SeenColor_Gactive" value="false" />
    <boolean name="btn_voice_color_chat_picker_Gactive" value="false" />
    <boolean name="key_updown_iconcolor_check" value="true" />
    <string name="ic_attachment_ia">0</string>
    <int name="abu_saleh_toast_typing_bc" value="-154430" />
    <int name="ModConPickColor_GCDir" value="0" />
    <string name="key_custom_icondown">5</string>
    <string name="bubble_style">fold</string>
    <boolean name="ModChatColor_Gactive" value="true" />
    <boolean name="Hussein_DisableEstiloEmoji" value="true" />
    <int name="ModChatBtnColor" value="-6809520" />
    <boolean name="ModChatLeftBubble_Gactive" value="false" />
    <string name="ic_attachment_pix">0</string>
    <int name="ModChatColor_GCDir" value="0" />
    <boolean name="abu_saleh_key_fab_caht" value="true" />
    <boolean name="AttBt" value="false" />
    <int name="key_lxfundoquick" value="-154430" />
    <boolean name="HomeCounterText_Gactive" value="false" />
    <boolean name="getDefaultContactTypingColor_Gactive" value="false" />
    <int name="date_left_color" value="-154430" />
    <boolean name="abu_saleh_toast_online_el" value="true" />
    <boolean name="ModDarkConPickColor_Gactive" value="false" />
    <boolean name="ModChatBubbleText_Gactive" value="false" />
    <int name="date_bubble_color_picker" value="1291691202" />
    <int name="seekbar_color_chat_picker" value="-203287" />
    <boolean name="key_msnewscar_Gactive" value="true" />
    <string name="abu_saleh_toast_profile_gv">0</string>
    <int name="abu_saleh_toast_profile_bc_GOrient" value="6" />
    <boolean name="abu9aleh_status_audio" value="true" />
    <int name="statuses_bar_bg_picker" value="15072765" />
    <boolean name="hide_quick" value="false" />
    <int name="quoted_name_picker" value="-2229764" />
    <int name="emojipopup_header" value="-15724496" />
    <boolean name="emojipopup_icons_Gactive" value="false" />
    <int name="abu_saleh_toast_profile_bc_GC" value="-203287" />
    <int name="HomeBarText" value="-6809520" />
    <string name="lx_sound_incoming">0</string>
    <int name="pestop" value="25" />
    <boolean name="imsHideRStatus" value="false" />
    <boolean name="tittle_bold" value="true" />
    <string name="abu_saleh_toast_typing_gv">0</string>
    <boolean name="abu_saleh_toast_profile_view" value="false" />
    <boolean name="log_show_name_check" value="true" />
    <string name="lx_channelrow_fix">1</string>
    <boolean name="on_shadow_text" value="true" />
    <int name="statuses_bar_text_picker" value="-15724496" />
    <boolean name="abu_saleh_toast_status_bc_check" value="true" />
    <boolean name="ModHomeMentionIndBackground_Gactive" value="false" />
    <string name="ic_attachment_location">0</string>
    <boolean name="isSwipeEnabledV2" value="false" />
    <boolean name="key_header" value="true" />
    <boolean name="Hide_contact_picker_section_other_contacts" value="false" />
    <string name="x_sound_incoming">0</string>
    <string name="menit">0</string>
    <boolean name="seekbar_color_chat_picker_Gactive" value="false" />
    <boolean name="enable_ig_stories" value="true" />
    <int name="ModConPickColor" value="-197380" />
    <int name="emojipopup_body_GCDir" value="0" />
    <boolean name="abu_saleh_toast_status_bc_Gactive" value="true" />
    <boolean name="hide_clock_v2" value="false" />
    <boolean name="abu_saleh_toast_profile_bc_check" value="true" />
    <boolean name="abu_saleh_toast_profile_tc_check" value="true" />
    <boolean name="admin_abosaleh" value="false" />
    <string name="key_story_view">6</string>
    <int name="getDefaultContactTypingColor" value="-2229764" />
    <boolean name="read_more" value="true" />
    <string name="abu_saleh_quickcontact">2</string>
    <boolean name="abu_saleh_toast_typing_el" value="true" />
    <int name="key_mas_setBackground_quick" value="-154430" />
    <string name="bubble_dimen">1</string>
    <boolean name="date_left_color_Gactive" value="false" />
    <boolean name="rvkdmsg_icon_color_Gactive" value="false" />
    <boolean name="yo_want_nightmode" value="false" />
    <int name="ModConColor_GCDir" value="3" />
    <boolean name="key_updown_bgcolor_check" value="true" />
    <string name="abu_saleh_toast_online_gv">0</string>
    <int name="quickBK" value="-14833055" />
    <boolean name="UnSeenColor_Gactive" value="false" />
    <string name="lx_conversations_fix">25</string>
    <boolean name="abu_saleh_hide_community_icon" value="true" />
    <boolean name="key_mas_setBackground_quick_Gactive" value="false" />
    <int name="key_msnewscar2" value="18" />
    <boolean name="abu_saleh_toast_typing_tc_check" value="true" />
    <int name="key_msnewscar1" value="-15724496" />
    <boolean name="key_hideanim" value="false" />
    <boolean name="abu_saleh_toast_profile_bc_Gactive" value="true" />
    <boolean name="custom_wall" value="false" />
    <boolean name="ModChatBubbleTextLeft_Gactive" value="false" />
    <boolean name="ModChatEntry_Gactive" value="false" />
    <boolean name="elapsed_time" value="true" />
    <int name="btn_voice_color_chat_picker" value="-15724496" />
    <boolean name="ModlastseenColor_Gactive" value="false" />
    <int name="onlineDotchatColor" value="-6809520" />
    <int name="ModHomeMentionIndBackground" value="-154430" />
    <int name="key_updown_bgcolor" value="-154430" />
    <int name="key_msnewscar4" value="1" />
    <boolean name="ModFabNormalColor_Gactive" value="false" />
    <int name="participant_name_color_picker" value="-2229764" />
    <string name="x_sound_send_message">0</string>
    <int name="key_lxfundoquick_GC" value="-2229764" />
    <string name="key_pager_animation">2</string>
    <boolean name="hide_profilev2" value="true" />
    <boolean name="Audio_ears" value="false" />
    <int name="ModChatEntry" value="1291691202" />
    <string name="x_channelrow_fix">1</string>
    <int name="square_photo_ratio_picker" value="100" />
    <boolean name="statuses_bar_bg_picker_Gactive" value="false" />
    <int name="ModChatTextColor" value="-15724496" />
    <string name="x_ptt_stop_record">0</string>
    <boolean name="hide_shortcuts" value="false" />
    <boolean name="participant_name_color_picker_Gactive" value="false" />
    <string name="key_dial1">5</string>
    <boolean name="ModChatBubbleHyperlinks_Gactive" value="false" />
    <string name="key_dial3">0</string>
    <string name="key_dial2">0</string>
    <string name="ic_attachment_contact">0</string>
    <string name="ic_attachment_audio">0</string>
    <string name="jamm2">0</string>
    <string name="jamm1">8</string>
    <int name="ModConColor_GC" value="402587647" />
    <int name="SeenColor" value="-989465" />
    <int name="ModOnlineColor" value="-6809520" />
    <string name="jamm3">0</string>
</map>
