<?xml version='1.0' encoding='utf-8' standalone='yes' ?>
<map>
    <int name="quoted_text_picker" value="-1" />
    <int name="tittle_size" value="20" />
    <boolean name="disable_hiddenchat_access" value="false" />
    <boolean name="my_statusd" value="false" />
    <boolean name="abu_saleh_toast_profile_cs" value="true" />
    <boolean name="imsHideVStatus" value="true" />
    <int name="key_updown_iconcolor" value="-1" />
    <boolean name="date_bubble_color_picker_Gactive" value="false" />
    <boolean name="Conv_call_btn" value="false" />
    <boolean name="ModFabTextColor_Gactive" value="false" />
    <int name="statuses_bar_bg_picker_GC" value="-12511984" />
    <string name="lxwa_calls_style">9</string>
    <boolean name="key_hide_unsaved_num" value="false" />
    <int name="ModDarkConPickColorNav_GC" value="-12511984" />
    <boolean name="HomeBarText_Gactive" value="false" />
    <boolean name="MetaAI" value="false" />
    <int name="key_dwh_size_row" value="80" />
    <boolean name="abu_saleh_toast_profile_el" value="false" />
    <boolean name="onlinechat" value="false" />
    <boolean name="enable_fivminstatus" value="true" />
    <string name="key_edit_hidden_msg">!!MENSAGEM OCULTA!!</string>
    <boolean name="key_tt" value="true" />
    <int name="HomeCounterBK" value="-213203" />
    <int name="ModChatBubbleTextLeft" value="-12511984" />
    <string name="key_chats_icon">12</string>
    <boolean name="enable_grp_separationV2" value="true" />
    <int name="ModChatColor_GC" value="-1254025968" />
    <int name="quoted_divider_picker" value="-213203" />
    <boolean name="Abu_Saleh_Previewbtn" value="false" />
    <boolean name="abu_saleh_toast_online_cs" value="true" />
    <int name="ModFabTextColor" value="-1" />
    <boolean name="key_counter_tx_Gactive" value="false" />
    <boolean name="ModConTextColor_Gactive" value="false" />
    <boolean name="huss_card_7" value="false" />
    <boolean name="huss_card_8" value="false" />
    <boolean name="huss_card_5" value="false" />
    <boolean name="huss_card_6" value="false" />
    <boolean name="huss_card_9" value="false" />
    <boolean name="abu_saleh_toast_status_view" value="true" />
    <boolean name="yo_hideinfo" value="true" />
    <boolean name="huss_card_3" value="true" />
    <boolean name="huss_card_4" value="false" />
    <boolean name="huss_card_1" value="false" />
    <boolean name="huss_card_2" value="false" />
    <boolean name="huss_card_calls_3" value="true" />
    <boolean name="huss_card_calls_4" value="false" />
    <boolean name="huss_card_calls_5" value="false" />
    <boolean name="huss_card_calls_6" value="false" />
    <boolean name="huss_card_calls_1" value="false" />
    <boolean name="huss_card_calls_2" value="false" />
    <boolean name="tabadgeBKColor_Gactive" value="false" />
    <int name="ModDarkConPickColorNav_GOrient" value="0" />
    <string name="ppsf">31</string>
    <boolean name="arch_chats_top" value="true" />
    <boolean name="quickBK_check" value="true" />
    <boolean name="abu_saleh_research" value="true" />
    <boolean name="onlineDotchat" value="false" />
    <string name="key_community_icon">0</string>
    <int name="ModChatBubbleHyperlinks" value="-9393665" />
    <boolean name="huss_card_calls_10" value="false" />
    <boolean name="abu_saleh_image_quality" value="false" />
    <int name="ModlastseenColor" value="-12511984" />
    <boolean name="Hide_contact_picker_section_frequent_chats" value="false" />
    <boolean name="status_wantsendconfirmation" value="true" />
    <int name="ModDarkConPickColorNav" value="-213203" />
    <int name="key_msnewstab4" value="1" />
    <int name="key_msnewstab2" value="12" />
    <int name="key_msnewstab1" value="-213203" />
    <boolean name="huss_card_calls_7" value="false" />
    <int name="abu_saleh_toast_online_bc" value="-1507328" />
    <boolean name="huss_card_calls_8" value="false" />
    <boolean name="huss_card_calls_9" value="false" />
    <int name="quoted_bg_picker" value="-213203" />
    <boolean name="on_anim" value="false" />
    <boolean name="abu_saleh_toast_typing_view" value="true" />
    <int name="statuses_bar_bg_picker_GCDir" value="0" />
    <boolean name="statuschat" value="false" />
    <int name="sub_tittle_size" value="10" />
    <boolean name="ModDarkConPickColorNav_Gactive" value="true" />
    <int name="key_counter_bg" value="-213203" />
    <int name="ModChatColor" value="-213203" />
    <boolean name="hide_translation_icon" value="false" />
    <int name="abu_saleh_toast_status_bc" value="-1507328" />
    <boolean name="HomeCounterBK_Gactive" value="false" />
    <string name="lx_callsrow_fix">24</string>
    <boolean name="abu_saleh_toast_status_cs" value="true" />
    <boolean name="date_right_color_Gactive" value="false" />
    <boolean name="quickText_check" value="true" />
    <boolean name="abo_saleh_audio_limit_check" value="true" />
    <string name="key_custom_iconup">0</string>
    <boolean name="key_grsHeader" value="true" />
    <boolean name="Img_share_limit" value="true" />
    <boolean name="hide_fab" value="false" />
    <string name="ui_bottom_style">ios</string>
    <boolean name="my_name" value="true" />
    <boolean name="TxtSelect" value="true" />
    <int name="pagetitle_picker" value="-1" />
    <int name="abu_saleh_toast_profile_bc" value="-1507328" />
    <string name="lx_sound_send_message">0</string>
    <boolean name="key_botPP" value="false" />
    <int name="emojipopup_header_GC" value="-1" />
    <boolean name="hide_action_a" value="false" />
    <boolean name="hide_action_b" value="false" />
    <boolean name="key_meler1" value="true" />
    <boolean name="key_msnewshader_check" value="true" />
    <int name="key_dwh_size_banner" value="220" />
    <boolean name="hide_edge_icon" value="true" />
    <boolean name="key_name_stories_Gactive" value="false" />
    <boolean name="quoted_text_picker_Gactive" value="false" />
    <boolean name="statuses_bar_text_picker_Gactive" value="false" />
    <boolean name="key_comun" value="true" />
    <int name="ModDarkConPickColor_GC" value="-12511984" />
    <int name="text_size_pick" value="16" />
    <string name="key_chat_animation">0</string>
    <boolean name="key_updown_bgcolor_Gactive" value="false" />
    <string name="key_quick_position">top</string>
    <boolean name="desativarvideodaconversa" value="true" />
    <boolean name="quoted_bg_picker_Gactive" value="true" />
    <string name="menit2">0</string>
    <boolean name="hide_action_s" value="false" />
    <int name="ModFabNormalColor" value="-213203" />
    <string name="menit1">5</string>
    <boolean name="hide_action_l" value="false" />
    <boolean name="hide_action_m" value="false" />
    <string name="key_admicon_list">0</string>
    <int name="abu_saleh_toast_typing_tc" value="-1" />
    <int name="UnSeenColor" value="-213203" />
    <boolean name="Fake_chat_real_blh_hacker_wahid_modzzzz" value="false" />
    <int name="date_right_color" value="-213203" />
    <string name="jamm">0</string>
    <string name="abu_saleh_toast_status_gv">0</string>
    <boolean name="NameProf" value="false" />
    <boolean name="emojipopup_body_Gactive" value="false" />
    <boolean name="huss_card_canal_4" value="false" />
    <boolean name="huss_card_canal_3" value="true" />
    <boolean name="huss_card_canal_2" value="false" />
    <int name="quickText" value="-1" />
    <boolean name="huss_card_canal_1" value="false" />
    <boolean name="huss_card_canal_8" value="false" />
    <boolean name="huss_card_canal_7" value="false" />
    <boolean name="huss_card_canal_6" value="false" />
    <boolean name="huss_card_canal_5" value="false" />
    <boolean name="ModChaSendBKColor_Gactive" value="false" />
    <boolean name="tittle_center" value="false" />
    <boolean name="huss_card_canal_9" value="false" />
    <boolean name="pagetitle_sel_picker_Gactive" value="false" />
    <boolean name="key_hide_scrolldown" value="false" />
    <int name="ModDarkConPickColor" value="-213203" />
    <int name="ModConTextColor" value="-1103031024" />
    <boolean name="chat_mypicV2" value="false" />
    <boolean name="disableDTTL" value="false" />
    <boolean name="key_with_thumb" value="false" />
    <int name="abu_saleh_toast_typing_rd" value="23" />
    <string name="jaaam2">0</string>
    <boolean name="date_divider_color_picker_Gactive" value="false" />
    <boolean name="abu_saleh_toast_status_el" value="false" />
    <boolean name="SeenColor_Gactive" value="false" />
    <boolean name="btn_voice_color_chat_picker_Gactive" value="false" />
    <string name="lxwa_barsearch_style">9</string>
    <int name="ModChatBtnColor" value="-213203" />
    <boolean name="Hussein_DisableEstiloEmoji" value="true" />
    <boolean name="key_counter_bg_Gactive" value="false" />
    <boolean name="ModChatLeftBubble_Gactive" value="false" />
    <int name="ModChatColor_GCDir" value="0" />
    <boolean name="abu_saleh_key_fab_caht" value="false" />
    <boolean name="AttBt" value="false" />
    <int name="ModDarkConPickColor_GOrient" value="0" />
    <boolean name="getDefaultContactTypingColor_Gactive" value="false" />
    <boolean name="abu_saleh_toast_online_el" value="false" />
    <boolean name="ModChatBubbleText_Gactive" value="false" />
    <boolean name="ModDarkConPickColor_Gactive" value="true" />
    <int name="date_bubble_color_picker" value="-213203" />
    <int name="seekbar_color_chat_picker" value="-12511984" />
    <boolean name="key_msnewscar_Gactive" value="false" />
    <int name="statuses_bar_bg_picker" value="-213203" />
    <boolean name="hide_quick" value="false" />
    <int name="emojipopup_header" value="-213203" />
    <boolean name="emojipopup_icons_Gactive" value="false" />
    <int name="ModChatGStatusB" value="-213203" />
    <int name="HomeBarText" value="-1" />
    <boolean name="imsHideRStatus" value="false" />
    <boolean name="tittle_bold" value="false" />
    <boolean name="huss_card_10" value="false" />
    <boolean name="abu_saleh_toast_profile_view" value="false" />
    <int name="statuses_bar_text_picker" value="-16777216" />
    <boolean name="ModHomeMentionIndBackground_Gactive" value="false" />
    <boolean name="isSwipeEnabledV2" value="false" />
    <boolean name="seekbar_color_chat_picker_Gactive" value="false" />
    <int name="emojipopup_body_GCDir" value="0" />
    <boolean name="admin_abosaleh" value="false" />
    <boolean name="mschats2" value="true" />
    <boolean name="mschats1" value="true" />
    <string name="key_group_icon">2</string>
    <int name="getDefaultContactTypingColor" value="-213203" />
    <boolean name="read_more" value="false" />
    <string name="abu_saleh_quickcontact">0</string>
    <int name="key_mas_setBackground_quick" value="-16744343" />
    <boolean name="yo_want_nightmode" value="true" />
    <boolean name="key_updown_bgcolor_check" value="true" />
    <string name="abu_saleh_toast_online_gv">0</string>
    <int name="quickBK" value="-213203" />
    <boolean name="abu_saleh_hide_community_icon" value="true" />
    <boolean name="ModChatBubbleTextLeft_Gactive" value="false" />
    <boolean name="Fuck_Channel" value="false" />
    <boolean name="ModChatEntry_Gactive" value="false" />
    <boolean name="abu9aleh_media_video_player" value="false" />
    <boolean name="ModFabNormalColor_Gactive" value="false" />
    <string name="key_pager_animation">0</string>
    <boolean name="Audio_ears" value="false" />
    <int name="ModChatEntry" value="-12511984" />
    <int name="square_photo_ratio_picker" value="100" />
    <boolean name="statuses_bar_bg_picker_Gactive" value="true" />
    <boolean name="key_regg" value="false" />
    <string name="key_status_ui">0</string>
    <string name="hazar_bozkurt_sesler_gidenmesaj">0</string>
    <string name="key_dial1">29</string>
    <boolean name="ModChatBubbleHyperlinks_Gactive" value="false" />
    <boolean name="mesaj_sifreleme_etkin" value="false" />
    <string name="key_dial2">0</string>
    <int name="ModConColor_GC" value="-1254025968" />
    <int name="SeenColor" value="-1" />
    <int name="ModOnlineColor" value="-213203" />
    <boolean name="abu_saleh_status_and_photo" value="true" />
    <int name="ModChaSendBKColor" value="-213203" />
    <string name="x_statusesrow_fix">22</string>
    <int name="abu_saleh_toast_profile_tc" value="-1" />
    <int name="abu_saleh_toast_online_rd" value="23" />
    <boolean name="ModContactNameColor_Gactive" value="false" />
    <boolean name="newAttach_BottomDesign" value="false" />
    <boolean name="Hide_div" value="true" />
    <boolean name="quickBK_Gactive" value="false" />
    <boolean name="yo_want_ghostmode" value="true" />
    <boolean name="key_mas_hide_archive_home" value="true" />
    <string name="key_status_icon">12</string>
    <string name="pp0">31</string>
    <int name="emojipopup_body_GC" value="-1" />
    <boolean name="abu_saleh_forward_tovoice" value="false" />
    <string name="lxwa_listcontacts_style">9</string>
    <string name="detik1">4</string>
    <string name="detik2">0</string>
    <string name="ui_home_styleV3">ios</string>
    <int name="quoted_bg_picker_GCDir" value="0" />
    <int name="ModHomeMentionIconColor" value="-1" />
    <boolean name="chat_contactpicV2" value="false" />
    <int name="abu_saleh_toast_online_tc" value="-1" />
    <boolean name="Fake_chat_real" value="false" />
    <boolean name="bubble_more_options_dlg" value="false" />
    <int name="ModConBackColor" value="-12511984" />
    <boolean name="hide_action_mas" value="false" />
    <boolean name="key_method_endgp" value="false" />
    <boolean name="key_msnewscar_check" value="true" />
    <boolean name="Hide_contact_picker_section_recent_chats" value="false" />
    <int name="key_counter_tx" value="-1" />
    <boolean name="abosaleh_mention_member" value="false" />
    <int name="HomeCounterText" value="-1" />
    <boolean name="direkt_link_degistir" value="false" />
    <int name="key_msnewshader" value="0" />
    <boolean name="x_x" value="true" />
    <string name="pps">31</string>
    <boolean name="enable_statuspage_extras" value="true" />
    <boolean name="key_msnewstab_check" value="true" />
    <boolean name="pagetitle_picker_Gactive" value="false" />
    <boolean name="banner_clock" value="true" />
    <boolean name="abu_saleh_play_voice_note" value="false" />
    <boolean name="quoted_divider_picker_Gactive" value="false" />
    <string name="lx_statusesrow_fix">24</string>
    <boolean name="multiChats" value="false" />
    <int name="ModChatEmojiColor" value="-213203" />
    <boolean name="ModChaSendColor_Gactive" value="false" />
    <int name="ModChaSendColor" value="-12511984" />
    <int name="pagetitle_sel_picker" value="-1" />
    <boolean name="key_send_hidden_msg" value="false" />
    <boolean name="onlineDotchatColor_Gactive" value="false" />
    <int name="tabadgeBKColor" value="-213203" />
    <string name="lxwa_status_style">9</string>
    <boolean name="emojipopup_header_Gactive" value="true" />
    <boolean name="home_imgBK" value="true" />
    <boolean name="quoted_name_picker_Gactive" value="false" />
    <boolean name="hide_clock" value="false" />
    <int name="abu_saleh_toast_status_tc" value="-1" />
    <boolean name="custom_wall_profilepic" value="false" />
    <boolean name="huss_card_status_10" value="false" />
    <boolean name="stkr_wantsendconfirmation" value="true" />
    <int name="tabadgeTextColor" value="-1" />
    <string name="ConvoEntry">7</string>
    <int name="ModConColor" value="-213203" />
    <string name="x_callsrow_fix">22</string>
    <string name="tick_style">nh</string>
    <int name="ModConPickColor_GC" value="-1254025968" />
    <int name="abu_saleh_toast_profile_rd" value="23" />
    <boolean name="key_hide_scrollup" value="false" />
    <boolean name="ModDarkConPickColor_check" value="true" />
    <int name="tabindicator" value="-12511984" />
    <boolean name="imsHideMStatus" value="false" />
    <boolean name="ModChatTextColor_Gactive" value="false" />
    <boolean name="key_quick_view" value="false" />
    <int name="mas_latarkontak2" value="-16734076" />
    <string name="key_change_the_entry">Lx WhatsApp</string>
    <boolean name="PicHead" value="false" />
    <string name="inconvo_trans_option">in-y</string>
    <boolean name="Set_Joun_Name" value="false" />
    <boolean name="huss_card_Lista_9" value="false" />
    <int name="abu_saleh_toast_status_rd" value="23" />
    <boolean name="ModConPickColor_Gactive" value="true" />
    <string name="HomeEntry">xwa21</string>
    <string name="mas_cozumleme_parolasi">12345</string>
    <string name="hazar_bozkurt_sesler_gelenmesaj">0</string>
    <int name="date_divider_color_picker" value="-12511984" />
    <int name="main_text" value="17" />
    <boolean name="ModChatRightBubble_Gactive" value="false" />
    <boolean name="ModConColor_Gactive" value="true" />
    <int name="key_name_stories" value="-16777216" />
    <int name="ModChatBubbleText" value="-213203" />
    <int name="rvkdmsg_icon_color" value="-12511984" />
    <boolean name="ModDarkConPickColorNav_check" value="true" />
    <boolean name="hide_banner" value="false" />
    <boolean name="ModChatGStatusB_Gactive" value="false" />
    <boolean name="On_Of_Gif_Wallpaper" value="true" />
    <int name="emojipopup_icons" value="-1" />
    <boolean name="huss_card_Lista_2" value="false" />
    <boolean name="huss_card_Lista_1" value="false" />
    <boolean name="huss_card_Lista_4" value="false" />
    <boolean name="huss_card_Lista_3" value="true" />
    <boolean name="huss_card_Lista_6" value="false" />
    <boolean name="huss_card_Lista_5" value="false" />
    <int name="ModContactNameColor" value="-12511984" />
    <boolean name="huss_card_Lista_8" value="false" />
    <boolean name="Audio_sensor" value="true" />
    <boolean name="huss_card_Lista_7" value="false" />
    <boolean name="MasOption" value="false" />
    <boolean name="abu_saleh_toast_typing_cs" value="true" />
    <int name="key_msnewstab" value="-2130706433" />
    <boolean name="tabadgeTextColor_Gactive" value="false" />
    <boolean name="huss_card_status_9" value="false" />
    <boolean name="huss_card_status_8" value="false" />
    <int name="emojipopup_body" value="-213203" />
    <boolean name="huss_card_status_5" value="false" />
    <boolean name="huss_card_status_4" value="false" />
    <boolean name="ModChatEmojiColor_Gactive" value="false" />
    <boolean name="huss_card_status_7" value="false" />
    <boolean name="huss_card_status_6" value="false" />
    <boolean name="ModChatBtnColor_Gactive" value="false" />
    <boolean name="huss_card_status_1" value="false" />
    <int name="ModChatRightBubble" value="-1035922160" />
    <boolean name="SoolctAll" value="false" />
    <boolean name="huss_card_status_3" value="true" />
    <boolean name="huss_card_status_2" value="false" />
    <boolean name="ModHomeMentionIconColor_Gactive" value="false" />
    <boolean name="Joun_About" value="false" />
    <int name="emojipopup_header_GCDir" value="0" />
    <string name="lxwa_channel_style">9</string>
    <int name="ModChatLeftBubble" value="-1224949971" />
    <int name="quoted_bg_picker_GC" value="-12511984" />
    <boolean name="abu_saleh_toast_online_view" value="true" />
    <boolean name="yo_want_airplanemode" value="true" />
    <string name="x_anim_style">0</string>
    <boolean name="yo_multi_account_menu" value="false" />
    <string name="papan">15</string>
    <boolean name="yo_want_toolbar_camV2" value="false" />
    <boolean name="ModOnlineColor_Gactive" value="false" />
    <boolean name="PicProf" value="false" />
    <string name="tabb">0</string>
    <int name="key_msnewscar" value="-1711276033" />
    <string name="edge_position">right</string>
    <boolean name="key_msnewstab_Gactive" value="false" />
    <boolean name="huss_card_canal_10" value="false" />
    <boolean name="key_updown_iconcolor_check" value="true" />
    <int name="abu_saleh_toast_typing_bc" value="-1507328" />
    <int name="ModConPickColor_GCDir" value="0" />
    <string name="key_custom_icondown">0</string>
    <string name="bubble_style">ilkhang</string>
    <boolean name="ModChatColor_Gactive" value="true" />
    <boolean name="huss_card_Lista_10" value="false" />
    <boolean name="pic_inside" value="false" />
    <boolean name="HomeCounterText_Gactive" value="false" />
    <int name="date_left_color" value="-12511984" />
    <string name="key_chats_listanimation">0</string>
    <boolean name="Up_size_limit" value="false" />
    <string name="abu_saleh_toast_profile_gv">0</string>
    <boolean name="abu9aleh_status_audio" value="false" />
    <int name="quoted_name_picker" value="-12511984" />
    <boolean name="key_msnewshader_Gactive" value="false" />
    <string name="lx_sound_incoming">0</string>
    <string name="abu_saleh_toast_typing_gv">0</string>
    <boolean name="log_show_name_check" value="true" />
    <string name="lx_channelrow_fix">24</string>
    <boolean name="tabindicator_Gactive" value="false" />
    <boolean name="on_shadow_text" value="false" />
    <boolean name="key_header" value="false" />
    <boolean name="Hide_contact_picker_section_other_contacts" value="false" />
    <int name="fab_rounded_key" value="12" />
    <string name="menit">0</string>
    <boolean name="hide_custom" value="true" />
    <boolean name="mstela2" value="true" />
    <boolean name="enable_ig_stories" value="true" />
    <int name="ModConPickColor" value="-213203" />
    <boolean name="mstela1" value="true" />
    <boolean name="hussein_Magnifying_glass" value="false" />
    <string name="key_story_view">0</string>
    <boolean name="abu_saleh_toast_typing_el" value="false" />
    <boolean name="key_more_docs_send" value="true" />
    <string name="bubble_dimen">0</string>
    <boolean name="date_left_color_Gactive" value="false" />
    <boolean name="rvkdmsg_icon_color_Gactive" value="false" />
    <int name="ModConColor_GCDir" value="3" />
    <boolean name="desativervideodaconversas" value="true" />
    <boolean name="UnSeenColor_Gactive" value="false" />
    <string name="lx_conversations_fix">24</string>
    <boolean name="ModConBackColor_Gactive" value="false" />
    <int name="key_msnewscar2" value="12" />
    <int name="key_msnewscar1" value="-213203" />
    <int name="pic_chat_size_pickerV2" value="40" />
    <boolean name="custom_wall" value="false" />
    <boolean name="elapsed_time" value="false" />
    <boolean name="abu_saleh_hide_list" value="true" />
    <int name="btn_voice_color_chat_picker" value="-12511984" />
    <boolean name="ModlastseenColor_Gactive" value="false" />
    <string name="key_calls_icon">16</string>
    <int name="onlineDotchatColor" value="-213203" />
    <int name="ModHomeMentionIndBackground" value="-213203" />
    <int name="key_updown_bgcolor" value="-213203" />
    <int name="key_msnewscar4" value="1" />
    <string name="x_channelrow_fix">22</string>
    <int name="ModChatTextColor" value="-213203" />
    <string name="jamm2">0</string>
    <string name="jamm1">5</string>
</map>
