<?xml version='1.0' encoding='utf-8' standalone='yes' ?>
<map>
    <boolean name="Warna_jam_digital_di_beranda_Gactive" value="false" />
    <int name="quoted_text_picker" value="-872415489" />
    <int name="tittle_size" value="20" />
    <boolean name="disable_hiddenchat_access" value="true" />
    <boolean name="my_statusd" value="true" />
    <boolean name="imsHideVStatus" value="false" />
    <boolean name="abu_saleh_toast_profile_cs" value="true" />
    <boolean name="Text_nama_Gactive" value="false" />
    <int name="key_updown_iconcolor" value="-1" />
    <boolean name="EdgeLinerBackground_Gactive" value="false" />
    <boolean name="Conv_call_btn" value="false" />
    <boolean name="ModFabTextColor_Gactive" value="false" />
    <int name="abu_saleh_toast_typing_bc_GC" value="-16777216" />
    <int name="statuses_bar_bg_picker_GC" value="-3197697" />
    <boolean name="key_hide_unsaved_num" value="false" />
    <int name="key_dwh_setRadius_background_stories" value="7" />
    <boolean name="HomeBarText_Gactive" value="false" />
    <boolean name="EdgeIcon_Gactive" value="false" />
    <boolean name="MetaAI" value="true" />
    <int name="key_dwh_size_row" value="78" />
    <int name="key_row_background_color_GC" value="-1006632961" />
    <int name="ConvoBack" value="0" />
    <boolean name="abu_saleh_toast_profile_el" value="false" />
    <boolean name="onlinechat" value="false" />
    <boolean name="enable_fivminstatus" value="false" />
    <string name="key_edit_hidden_msg">!!MENSAGEM OCULTA!!</string>
    <boolean name="key_tt" value="false" />
    <int name="HomeCounterBK" value="-3197697" />
    <int name="ModChatBubbleTextLeft" value="-3197697" />
    <string name="key_chats_icon">7</string>
    <boolean name="enable_grp_separationV2" value="true" />
    <int name="ModChatColor_GC" value="-3197697" />
    <int name="quoted_divider_picker" value="-3197697" />
    <string name="ui_bottom_styleeeee">ios</string>
    <boolean name="abu_saleh_toast_online_cs" value="true" />
    <int name="ModFabTextColor" value="-257" />
    <boolean name="key_counter_tx_Gactive" value="false" />
    <int name="border_poto" value="-27427" />
    <int name="list_bg_color" value="-16777216" />
    <boolean name="ModConTextColor_Gactive" value="false" />
    <int name="key_row_border" value="0" />
    <boolean name="abu_saleh_toast_status_view" value="true" />
    <boolean name="yo_hideinfo" value="false" />
    <boolean name="tabadgeBKColor_Gactive" value="false" />
    <boolean name="header_bawah_border_Gactive" value="false" />
    <string name="ppsf">10</string>
    <boolean name="arch_chats_top" value="true" />
    <boolean name="quickBK_check" value="true" />
    <boolean name="abu_saleh_research" value="true" />
    <boolean name="onlineDotchat" value="false" />
    <string name="key_community_icon">12</string>
    <int name="ModChatBubbleHyperlinks" value="-16777216" />
    <int name="ModlastseenColor" value="-3197697" />
    <boolean name="status_wantsendconfirmation" value="false" />
    <boolean name="Hide_contact_picker_section_frequent_chats" value="false" />
    <int name="ModDarkConPickColorNav" value="-3197697" />
    <int name="key_dwh_row_elevation" value="5" />
    <int name="key_msnewstab4" value="1" />
    <int name="key_msnewstab2" value="12" />
    <int name="key_msnewstab1" value="-3197697" />
    <int name="abu_saleh_toast_online_bc" value="-3197697" />
    <int name="abu_saleh_toast_typing_bc_GOrient" value="6" />
    <int name="quoted_bg_picker" value="-16777216" />
    <boolean name="on_anim" value="true" />
    <boolean name="abu_saleh_toast_typing_view" value="true" />
    <int name="ModChatGStatusB_GCDir" value="0" />
    <int name="statuses_bar_bg_picker_GCDir" value="0" />
    <boolean name="hide_perfil" value="false" />
    <boolean name="statuschat" value="true" />
    <int name="sub_tittle_size" value="10" />
    <int name="key_row_background_color_GCDir" value="0" />
    <boolean name="ModDarkConPickColorNav_Gactive" value="false" />
    <int name="key_counter_bg" value="0" />
    <boolean name="TitleDeviceInfo_Gactive" value="false" />
    <string name="key_version">DWHWhatsApp+ V9.70</string>
    <int name="ModChatColor" value="-16777216" />
    <boolean name="hide_translation_icon" value="false" />
    <int name="abu_saleh_toast_status_bc" value="-3197697" />
    <boolean name="key_row_background_color_Gactive" value="false" />
    <boolean name="HomeCounterBK_Gactive" value="false" />
    <string name="lx_callsrow_fix">1</string>
    <boolean name="IsiDeviceInfo_Gactive" value="false" />
    <boolean name="abu_saleh_toast_status_cs" value="true" />
    <boolean name="date_right_color_Gactive" value="false" />
    <boolean name="quickText_check" value="true" />
    <int name="bg_jam_n_tgl_di_drawer_border" value="-27427" />
    <string name="key_custom_iconup">0</string>
    <boolean name="key_grsHeader" value="false" />
    <string name="ic_attachment_galery">0</string>
    <int name="abu_saleh_toast_status_bc_GOrient" value="6" />
    <boolean name="hide_fab" value="false" />
    <boolean name="ModChatGStatusT_Gactive" value="false" />
    <string name="yx_status_style">6</string>
    <string name="ui_bottom_style">ios</string>
    <int name="EdgeProfileText" value="-16777216" />
    <boolean name="my_name" value="true" />
    <int name="pagetitle_picker" value="-257" />
    <boolean name="TxtSelect" value="true" />
    <int name="ModChatGStatusB_GC" value="-3197697" />
    <int name="abu_saleh_toast_profile_bc" value="-3197697" />
    <boolean name="key_stories_name_Gactive" value="false" />
    <int name="header_bawah_border" value="-27427" />
    <string name="lx_sound_send_message">0</string>
    <boolean name="ModDarkConPickColorNav_1_Gactive" value="false" />
    <boolean name="key_botPP" value="false" />
    <int name="emojipopup_header_GC" value="-3197697" />
    <boolean name="hide_action_a" value="false" />
    <boolean name="hide_action_b" value="false" />
    <int name="bg_runtex_home" value="-27427" />
    <boolean name="key_meler1" value="true" />
    <int name="EdgeIcon" value="-257" />
    <boolean name="ConvoBack_Gactive" value="false" />
    <string name="key_url">http://bit.ly/DWHWhatsAppUpdate</string>
    <string name="x_ptt_start_record">0</string>
    <boolean name="abu_saleh_toast_typing_bc_Gactive" value="true" />
    <int name="Bg_IG" value="0" />
    <boolean name="hide_edge_icon" value="true" />
    <boolean name="quoted_text_picker_Gactive" value="false" />
    <boolean name="key_name_stories_Gactive" value="false" />
    <int name="ModDarkConPickColorNav_1" value="0" />
    <boolean name="statuses_bar_text_picker_Gactive" value="false" />
    <boolean name="key_story_border_Gactive" value="false" />
    <int name="key_bg_IG_rounded" value="10" />
    <boolean name="key_comun" value="true" />
    <int name="text_size_pick" value="16" />
    <int name="EdgeBackground" value="-3197697" />
    <boolean name="key_updown_bgcolor_Gactive" value="false" />
    <string name="key_quick_position">top</string>
    <boolean name="quoted_bg_picker_Gactive" value="true" />
    <string name="menit2">0</string>
    <int name="ModFabNormalColor" value="-16777216" />
    <boolean name="hide_action_s" value="false" />
    <string name="menit1">0</string>
    <boolean name="hide_action_l" value="false" />
    <boolean name="close_atual_chat" value="false" />
    <boolean name="hide_action_m" value="false" />
    <string name="key_admicon_list">0</string>
    <int name="abu_saleh_toast_typing_tc" value="-2038292" />
    <int name="UnSeenColor" value="-3197697" />
    <boolean name="abu_saleh_toast_online_bc_check" value="true" />
    <int name="date_right_color" value="-16777216" />
    <string name="jamm">0</string>
    <string name="abu_saleh_toast_status_gv">0</string>
    <boolean name="NameProf" value="false" />
    <boolean name="emojipopup_body_Gactive" value="false" />
    <int name="quickText" value="-1" />
    <boolean name="ModChaSendBKColor_Gactive" value="false" />
    <boolean name="tittle_center" value="false" />
    <boolean name="pagetitle_sel_picker_Gactive" value="false" />
    <int name="ModDarkConPickColor" value="-16777216" />
    <boolean name="key_hide_scrolldown" value="false" />
    <string name="ic_attachment_cam">0</string>
    <int name="ModConTextColor" value="-16777216" />
    <int name="text_ombak" value="-1" />
    <boolean name="key_with_thumb" value="true" />
    <boolean name="disableDTTL" value="false" />
    <int name="abu_saleh_toast_typing_rd" value="23" />
    <string name="jaaam2">0</string>
    <boolean name="date_divider_color_picker_Gactive" value="false" />
    <boolean name="key_navigasi_border_Gactive" value="false" />
    <boolean name="abu_saleh_toast_status_el" value="false" />
    <boolean name="SeenColor_Gactive" value="false" />
    <boolean name="btn_voice_color_chat_picker_Gactive" value="false" />
    <boolean name="ModDarkConPickColor_1_Gactive" value="false" />
    <boolean name="close_edge_time" value="false" />
    <int name="ModChatBtnColor" value="-257" />
    <boolean name="gelombang_Gactive" value="false" />
    <int name="bg_runtex_home_GCDir" value="0" />
    <boolean name="key_counter_bg_Gactive" value="false" />
    <int name="ModChatColor_GCDir" value="0" />
    <int name="list_bg_color_GCDir" value="0" />
    <boolean name="abu_saleh_key_fab_caht" value="false" />
    <boolean name="AttBt" value="false" />
    <boolean name="getDefaultContactTypingColor_Gactive" value="false" />
    <boolean name="abu_saleh_toast_online_el" value="false" />
    <boolean name="ModDarkConPickColor_Gactive" value="false" />
    <boolean name="ModChatBubbleText_Gactive" value="false" />
    <string name="quick_style_kharis">2</string>
    <int name="seekbar_color_chat_picker" value="-3197697" />
    <boolean name="key_msnewscar_Gactive" value="false" />
    <int name="abu_saleh_toast_profile_bc_GOrient" value="6" />
    <int name="bg_runtex_home_GC" value="-1" />
    <int name="statuses_bar_bg_picker" value="-16777216" />
    <boolean name="hide_quick" value="false" />
    <boolean name="emojipopup_icons_Gactive" value="false" />
    <int name="emojipopup_header" value="-16777216" />
    <int name="ModChatGStatusB" value="-16777216" />
    <boolean name="bg_runtex_home_Gactive" value="true" />
    <int name="HomeBarText" value="-257" />
    <string name="key_home_style_km">3</string>
    <boolean name="imsHideRStatus" value="false" />
    <int name="ModChatGStatusT" value="-1" />
    <boolean name="tittle_bold" value="true" />
    <boolean name="abu_saleh_toast_profile_view" value="false" />
    <int name="TitleDeviceInfo" value="-27427" />
    <int name="EdgeLinerBackground" value="-16777216" />
    <int name="statuses_bar_text_picker" value="-257" />
    <boolean name="abu_saleh_toast_status_bc_check" value="true" />
    <boolean name="ModHomeMentionIndBackground_Gactive" value="false" />
    <string name="ic_attachment_location">0</string>
    <boolean name="isSwipeEnabledV2" value="false" />
    <int name="list_bg_color_GC" value="-3197697" />
    <boolean name="seekbar_color_chat_picker_Gactive" value="false" />
    <int name="emojipopup_body_GCDir" value="0" />
    <string name="ganti_transisi">2</string>
    <boolean name="abu_saleh_toast_profile_tc_check" value="true" />
    <boolean name="admin_abosaleh" value="false" />
    <boolean name="edge_openinwebview" value="false" />
    <string name="key_group_icon">12</string>
    <int name="getDefaultContactTypingColor" value="-3197697" />
    <boolean name="read_more" value="false" />
    <boolean name="border_poto_Gactive" value="false" />
    <boolean name="yo_want_nightmode" value="true" />
    <boolean name="key_updown_bgcolor_check" value="true" />
    <string name="abu_saleh_toast_online_gv">0</string>
    <int name="quickBK" value="-3197697" />
    <int name="key_dwh_setElevation_background_stories" value="3" />
    <boolean name="abu_saleh_toast_typing_tc_check" value="true" />
    <boolean name="abu_saleh_toast_profile_bc_Gactive" value="true" />
    <int name="key_row_background_color" value="0" />
    <boolean name="ModChatBubbleTextLeft_Gactive" value="false" />
    <boolean name="ModChatEntry_Gactive" value="false" />
    <int name="key_row_rounded" value="7" />
    <boolean name="ModFabNormalColor_Gactive" value="false" />
    <boolean name="Audio_ears" value="false" />
    <int name="ModChatEntry" value="-16777216" />
    <int name="square_photo_ratio_picker" value="100" />
    <boolean name="statuses_bar_bg_picker_Gactive" value="true" />
    <string name="key_status_ui">0</string>
    <string name="hazar_bozkurt_sesler_gidenmesaj">0</string>
    <string name="key_dial1">0</string>
    <boolean name="grpAdmin_enabled" value="true" />
    <boolean name="ModChatBubbleHyperlinks_Gactive" value="false" />
    <string name="key_dial2">0</string>
    <string name="ic_attachment_contact">0</string>
    <int name="bg_devicesInfo_border" value="-27427" />
    <int name="ModConColor_GC" value="-3197697" />
    <int name="gelombang" value="-27427" />
    <string name="key_dwh_drawer_style">0</string>
    <int name="SeenColor" value="-13463041" />
    <boolean name="yo_want_toolbar_cam" value="true" />
    <int name="ModOnlineColor" value="-3197697" />
    <boolean name="abu_saleh_status_and_photo" value="true" />
    <int name="ModChaSendBKColor" value="-3197697" />
    <string name="x_statusesrow_fix">1</string>
    <boolean name="abu_saleh_toast_typing_bc_check" value="true" />
    <int name="abu_saleh_toast_profile_tc" value="-2038292" />
    <int name="abu_saleh_toast_online_rd" value="23" />
    <boolean name="ModContactNameColor_Gactive" value="false" />
    <boolean name="newAttach_BottomDesign" value="false" />
    <boolean name="Hide_div" value="true" />
    <boolean name="quickBK_Gactive" value="false" />
    <boolean name="yo_want_ghostmode" value="true" />
    <int name="ModDarkConPickColor_1" value="0" />
    <boolean name="key_mas_hide_archive_home" value="false" />
    <int name="Warna_jam_digital_di_beranda" value="-16777216" />
    <boolean name="list_bg_color_Gactive" value="true" />
    <boolean name="bg_t_Gactive" value="false" />
    <string name="key_status_icon">13</string>
    <boolean name="abu_saleh_toast_online_bc_Gactive" value="true" />
    <int name="emojipopup_body_GC" value="-3197697" />
    <string name="pp0">10</string>
    <boolean name="abu_saleh_forward_tovoice" value="false" />
    <string name="detik1">0</string>
    <string name="detik2">0</string>
    <int name="abu_saleh_toast_status_bc_GC" value="-16777216" />
    <string name="ui_home_styleV3">ios</string>
    <int name="quoted_bg_picker_GCDir" value="0" />
    <boolean name="abu_saleh_toast_status_tc_check" value="true" />
    <int name="ModHomeMentionIconColor" value="-1" />
    <boolean name="text_t_Gactive" value="false" />
    <int name="EdgeIconBackground" value="-3197697" />
    <int name="abu_saleh_toast_online_tc" value="-2038292" />
    <int name="Text_Drawer" value="-27427" />
    <int name="key_stories_name" value="-27427" />
    <boolean name="bubble_more_options_dlg" value="false" />
    <int name="ModConBackColor" value="-6153" />
    <boolean name="hide_action_mas" value="false" />
    <string name="ic_attachment_bg">0</string>
    <boolean name="key_method_endgp" value="false" />
    <boolean name="key_msnewscar_check" value="true" />
    <boolean name="Hide_contact_picker_section_recent_chats" value="false" />
    <int name="text_t" value="-16777216" />
    <int name="key_navigasi_rounded" value="30" />
    <int name="key_counter_tx" value="-1" />
    <boolean name="abosaleh_mention_member" value="false" />
    <int name="Warna_Tanggal_di_beranda" value="-16777216" />
    <int name="HomeCounterText" value="-1" />
    <int name="key_dwh_setRounded_avatar_stories" value="7" />
    <boolean name="direkt_link_degistir" value="false" />
    <string name="pps">10</string>
    <boolean name="runtex_home_1_Gactive" value="false" />
    <int name="key_tollbar_rounded" value="30" />
    <boolean name="enable_statuspage_extras" value="true" />
    <boolean name="key_msnewstab_check" value="true" />
    <boolean name="pagetitle_picker_Gactive" value="false" />
    <boolean name="banner_clock" value="true" />
    <boolean name="want_status_toast" value="true" />
    <boolean name="quoted_divider_picker_Gactive" value="false" />
    <string name="lx_statusesrow_fix">1</string>
    <boolean name="abu_saleh_play_voice_note" value="false" />
    <boolean name="multiChats" value="false" />
    <int name="ModChatEmojiColor" value="-257" />
    <boolean name="ModChaSendColor_Gactive" value="false" />
    <int name="ModChaSendColor" value="-257" />
    <int name="pagetitle_sel_picker" value="-257" />
    <boolean name="key_send_hidden_msg" value="false" />
    <boolean name="onlineDotchatColor_Gactive" value="false" />
    <boolean name="bg_devicesInfo_border_Gactive" value="false" />
    <boolean name="edge_finish" value="false" />
    <boolean name="Text_Drawer_Gactive" value="false" />
    <int name="tabadgeBKColor" value="-3197697" />
    <boolean name="emojipopup_header_Gactive" value="true" />
    <boolean name="home_imgBK" value="true" />
    <boolean name="Bg_IG_Gactive" value="false" />
    <boolean name="Warna_tanggal_di_drawer_Gactive" value="false" />
    <boolean name="quoted_name_picker_Gactive" value="false" />
    <boolean name="hide_clock" value="true" />
    <int name="abu_saleh_toast_status_tc" value="-2038292" />
    <boolean name="custom_wall_profilepic" value="false" />
    <boolean name="stkr_wantsendconfirmation" value="true" />
    <boolean name="entry_translate" value="true" />
    <string name="key_dwh_home_style">5</string>
    <int name="IsiDeviceInfo" value="-27427" />
    <int name="tabadgeTextColor" value="-1" />
    <string name="ConvoEntry">7</string>
    <int name="key_dwh_row_radius" value="12" />
    <int name="ModConColor" value="-16777216" />
    <boolean name="chats_show_contact_online_toast_check" value="false" />
    <string name="x_callsrow_fix">1</string>
    <string name="ic_attachment_poll">0</string>
    <string name="tick_style">twitter</string>
    <int name="ModConPickColor_GC" value="-3197697" />
    <string name="ic_attachment_device">0</string>
    <int name="abu_saleh_toast_profile_rd" value="23" />
    <boolean name="hide_digital_clock" value="false" />
    <boolean name="key_hide_scrollup" value="false" />
    <boolean name="ModDarkConPickColor_check" value="true" />
    <boolean name="imsHideMStatus" value="false" />
    <boolean name="ModChatTextColor_Gactive" value="false" />
    <boolean name="key_quick_view" value="false" />
    <int name="Warna_tanggal_di_drawer" value="-27427" />
    <boolean name="Warna_jam_digital_di_drawer_Gactive" value="false" />
    <int name="bg_t" value="-27427" />
    <string name="key_change_the_entry">Lx WhatsApp</string>
    <boolean name="key_row_border_Gactive" value="false" />
    <boolean name="PicHead" value="true" />
    <string name="inconvo_trans_option">in-y</string>
    <int name="key_navigasi_border" value="0" />
    <boolean name="key_tollbar_border_Gactive" value="false" />
    <boolean name="key_dwh_hide_archive_drawer" value="false" />
    <int name="abu_saleh_toast_status_rd" value="23" />
    <boolean name="ModConPickColor_Gactive" value="true" />
    <string name="HomeEntry">yousef</string>
    <string name="hazar_bozkurt_sesler_gelenmesaj">0</string>
    <boolean name="Header_belakang_Gactive" value="false" />
    <int name="date_divider_color_picker" value="-16777216" />
    <boolean name="EdgeText_Gactive" value="false" />
    <int name="main_text" value="13" />
    <boolean name="ModConColor_Gactive" value="true" />
    <string name="ic_attachment_event">0</string>
    <int name="key_name_stories" value="-257" />
    <int name="ModChatBubbleText" value="-3197697" />
    <int name="rvkdmsg_icon_color" value="0" />
    <string name="hazar_bozkurt_sesler_gecis2">0</string>
    <boolean name="ModDarkConPickColorNav_check" value="true" />
    <boolean name="hide_banner" value="true" />
    <boolean name="ModChatGStatusB_Gactive" value="true" />
    <string name="hazar_bozkurt_sesler_gecis1">0</string>
    <int name="emojipopup_icons" value="-257" />
    <int name="ModContactNameColor" value="-3197697" />
    <boolean name="Audio_sensor" value="true" />
    <boolean name="MasOption" value="false" />
    <boolean name="abu_saleh_toast_typing_cs" value="true" />
    <int name="key_msnewstab" value="-1375731713" />
    <boolean name="abu_saleh_toast_online_tc_check" value="true" />
    <boolean name="tabadgeTextColor_Gactive" value="false" />
    <boolean name="key_storyCard_bg_color_Gactive" value="false" />
    <int name="abu_saleh_toast_online_bc_GC" value="-16777216" />
    <int name="emojipopup_body" value="-3197697" />
    <boolean name="ModChatEmojiColor_Gactive" value="false" />
    <boolean name="ModChatBtnColor_Gactive" value="false" />
    <boolean name="ModHomeMentionIconColor_Gactive" value="false" />
    <int name="emojipopup_header_GCDir" value="0" />
    <int name="abu_saleh_toast_online_bc_GOrient" value="6" />
    <int name="quoted_bg_picker_GC" value="-3197697" />
    <boolean name="abu_saleh_toast_online_view" value="true" />
    <boolean name="yo_want_airplanemode" value="false" />
    <int name="key_storyCard_bg_color" value="0" />
    <string name="x_anim_style">1</string>
    <boolean name="yo_multi_account_menu" value="false" />
    <string name="ic_attachment_documents">0</string>
    <string name="papan">0</string>
    <int name="key_tollbar_border" value="0" />
    <boolean name="ModOnlineColor_Gactive" value="false" />
    <boolean name="yo_want_toolbar_camV2" value="false" />
    <boolean name="PicProf" value="false" />
    <string name="tabb">0</string>
    <int name="key_msnewscar" value="0" />
    <string name="edge_position">right</string>
    <boolean name="key_msnewstab_Gactive" value="false" />
    <boolean name="key_updown_iconcolor_check" value="true" />
    <string name="ic_attachment_ia">0</string>
    <int name="abu_saleh_toast_typing_bc" value="-3197697" />
    <int name="ModConPickColor_GCDir" value="0" />
    <string name="key_custom_icondown">0</string>
    <string name="bubble_style">alfab15</string>
    <boolean name="ModChatColor_Gactive" value="true" />
    <int name="runtex_home_1" value="-1" />
    <string name="ic_attachment_pix">0</string>
    <boolean name="HomeCounterText_Gactive" value="false" />
    <boolean name="key_dwh_hide_number_drawer" value="true" />
    <int name="date_left_color" value="-16777216" />
    <int name="key_dwh_setIsi_rounded" value="7" />
    <boolean name="EdgeBackground_Gactive" value="false" />
    <string name="abu_saleh_toast_profile_gv">0</string>
    <boolean name="abu9aleh_status_audio" value="false" />
    <int name="quoted_name_picker" value="-1" />
    <int name="abu_saleh_toast_profile_bc_GC" value="-16777216" />
    <string name="lx_sound_incoming">0</string>
    <int name="pestop" value="10" />
    <int name="Warna_jam_digital_di_drawer" value="-16777216" />
    <string name="abu_saleh_toast_typing_gv">0</string>
    <boolean name="hide_message_bomber" value="true" />
    <boolean name="log_show_name_check" value="true" />
    <string name="lx_channelrow_fix">1</string>
    <boolean name="on_shadow_text" value="false" />
    <int name="Header_belakang" value="0" />
    <boolean name="key_header" value="true" />
    <boolean name="Hide_contact_picker_section_other_contacts" value="false" />
    <int name="fab_rounded_key" value="12" />
    <string name="x_sound_incoming">0</string>
    <int name="Text_nama" value="-27427" />
    <string name="menit">0</string>
    <boolean name="hide_custom" value="true" />
    <boolean name="bg_jam_n_tgl_di_drawer_border_Gactive" value="false" />
    <int name="key_story_border" value="0" />
    <int name="EdgeText" value="-13463041" />
    <boolean name="enable_ig_stories" value="true" />
    <int name="ModConPickColor" value="-16777216" />
    <boolean name="abu_saleh_toast_status_bc_Gactive" value="true" />
    <boolean name="abu_saleh_toast_profile_bc_check" value="true" />
    <string name="key_story_view">0</string>
    <boolean name="Aero_AramaSimgesiGizle" value="false" />
    <boolean name="abu_saleh_toast_typing_el" value="false" />
    <string name="bubble_dimen">1</string>
    <boolean name="rvkdmsg_icon_color_Gactive" value="false" />
    <string name="yx_calls_style">6</string>
    <boolean name="date_left_color_Gactive" value="false" />
    <int name="key_story_rounded" value="10" />
    <int name="ModConColor_GCDir" value="3" />
    <boolean name="UnSeenColor_Gactive" value="false" />
    <boolean name="ModConBackColor_Gactive" value="false" />
    <string name="lx_conversations_fix">1</string>
    <int name="key_msnewscar2" value="12" />
    <int name="key_msnewscar1" value="0" />
    <boolean name="key_dwh_hide_archive_home" value="false" />
    <boolean name="custom_wall" value="false" />
    <boolean name="elapsed_time" value="false" />
    <boolean name="abu_saleh_hide_list" value="true" />
    <int name="btn_voice_color_chat_picker" value="-3197697" />
    <boolean name="ModlastseenColor_Gactive" value="false" />
    <string name="key_calls_icon">12</string>
    <int name="onlineDotchatColor" value="-3197697" />
    <int name="ModHomeMentionIndBackground" value="-3197697" />
    <int name="key_updown_bgcolor" value="-3197697" />
    <string name="x_sound_send_message">0</string>
    <string name="x_channelrow_fix">1</string>
    <int name="key_bg_IG_border" value="0" />
    <boolean name="text_ombak_Gactive" value="false" />
    <int name="ModChatTextColor" value="-3197697" />
    <string name="x_ptt_stop_record">0</string>
    <boolean name="Warna_Tanggal_di_beranda_Gactive" value="false" />
    <boolean name="EdgeProfileText_Gactive" value="false" />
    <int name="key_dwh_rounded_date_time" value="7" />
    <string name="ic_attachment_audio">0</string>
    <string name="jamm2">0</string>
    <boolean name="EdgeIconBackground_Gactive" value="false" />
    <string name="jamm1">0</string>
    <boolean name="key_bg_IG_border_Gactive" value="false" />
</map>
