<?xml version='1.0' encoding='utf-8' standalone='yes' ?>
<map>
    <boolean name="abu_saleh_status_and_photo" value="true" />
    <int name="key_msnews4" value="1" />
    <int name="key_msnews1" value="-201815847" />
    <int name="ModChaSendBKColor" value="-15006962" />
    <int name="key_msnews2" value="12" />
    <int name="quoted_text_picker" value="-201362215" />
    <string name="x_statusesrow_fix">1</string>
    <int name="tittle_size" value="20" />
    <boolean name="disable_hiddenchat_access" value="false" />
    <boolean name="my_statusd" value="true" />
    <boolean name="imsHideVStatus" value="false" />
    <int name="key_updown_iconcolor" value="-1" />
    <boolean name="ModContactNameColor_Gactive" value="false" />
    <int name="key_ms_Perff" value="-4871" />
    <boolean name="newAttach_BottomDesign" value="false" />
    <boolean name="Conv_call_btn" value="false" />
    <boolean name="Hide_div" value="false" />
    <boolean name="quickBK_Gactive" value="false" />
    <boolean name="yo_want_ghostmode" value="true" />
    <int name="key_mas_border_avatar_quick_contact" value="-772" />
    <boolean name="key_mas_hide_archive_home" value="false" />
    <boolean name="key_hide_unsaved_num" value="false" />
    <int name="ModDarkConPickColorNav_GC" value="-1" />
    <boolean name="HomeBarText_Gactive" value="false" />
    <boolean name="MetaAI" value="false" />
    <string name="key_status_icon">2</string>
    <int name="key_dwh_size_row" value="90" />
    <string name="pp0">14</string>
    <boolean name="abu_saleh_forward_tovoice" value="false" />
    <boolean name="key_msnewbottom_Gactive" value="true" />
    <boolean name="onlinechat" value="false" />
    <string name="detik1">0</string>
    <string name="detik2">0</string>
    <boolean name="enable_fivminstatus" value="true" />
    <string name="ui_home_styleV3">basic</string>
    <boolean name="key_tt" value="true" />
    <string name="key_edit_hidden_msg">!!MENSAGEM OCULTA!!</string>
    <int name="quoted_bg_picker_GCDir" value="0" />
    <int name="HomeCounterBK" value="-201439540" />
    <string name="key_chats_icon">7</string>
    <int name="key_msnews" value="-1426786168" />
    <boolean name="enable_grp_separationV2" value="true" />
    <int name="ModChatColor_GC" value="-1" />
    <int name="quoted_divider_picker" value="-14366" />
    <int name="key_ms_bordabAA" value="-1" />
    <boolean name="key_counter_tx_Gactive" value="false" />
    <boolean name="Fake_chat_real" value="false" />
    <boolean name="ModConTextColor_Gactive" value="false" />
    <boolean name="bubble_more_options_dlg" value="false" />
    <int name="mas_lingkaran_kontak2" value="-4871" />
    <int name="mas_lingkaran_kontak3" value="-14366" />
    <boolean name="key_mstellchat2" value="true" />
    <boolean name="hide_action_mas" value="false" />
    <boolean name="key_msnewscar_check" value="true" />
    <boolean name="key_method_endgp" value="false" />
    <boolean name="yo_hideinfo" value="true" />
    <boolean name="Hide_contact_picker_section_recent_chats" value="false" />
    <int name="key_counter_tx" value="-15597311" />
    <boolean name="abosaleh_mention_member" value="false" />
    <int name="HomeCounterText" value="-592266" />
    <boolean name="key_msnews_check" value="true" />
    <boolean name="key_mas_setBackground_quick_check" value="true" />
    <boolean name="direkt_link_degistir" value="false" />
    <string name="ppsf">14</string>
    <boolean name="tabadgeBKColor_Gactive" value="false" />
    <int name="ModDarkConPickColorNav_GOrient" value="2" />
    <boolean name="arch_chats_top" value="true" />
    <int name="key_msnewshader" value="-1" />
    <boolean name="quickBK_check" value="true" />
    <boolean name="abu_saleh_research" value="false" />
    <string name="key_community_icon">6</string>
    <boolean name="onlineDotchat" value="false" />
    <int name="key_msnewbottom1" value="-772" />
    <int name="key_msnewbottom2" value="12" />
    <string name="pps">14</string>
    <int name="key_mas_setBackground_quick_GOrient" value="0" />
    <boolean name="Hide_contact_picker_section_frequent_chats" value="false" />
    <boolean name="status_wantsendconfirmation" value="true" />
    <int name="ModDarkConPickColorNav" value="-592266" />
    <int name="key_msnewstab4" value="1" />
    <int name="key_msnewstab2" value="21" />
    <int name="BGColor" value="-201815847" />
    <int name="key_msnewstab1" value="-1048709" />
    <boolean name="enable_statuspage_extras" value="true" />
    <boolean name="key_headerRE" value="true" />
    <int name="quoted_bg_picker" value="-14366" />
    <boolean name="on_anim" value="true" />
    <boolean name="key_msnewstab_check" value="true" />
    <int name="ModChatGStatusB_GCDir" value="0" />
    <boolean name="pagetitle_picker_Gactive" value="false" />
    <boolean name="statuschat" value="false" />
    <boolean name="banner_clock" value="true" />
    <boolean name="abu_saleh_play_voice_note" value="false" />
    <boolean name="quoted_divider_picker_Gactive" value="false" />
    <boolean name="key_mstellchat" value="true" />
    <int name="sub_tittle_size" value="10" />
    <int name="ModChatEmojiColor" value="-15006962" />
    <boolean name="ModChaSendColor_Gactive" value="false" />
    <int name="ModChaSendColor" value="-15006962" />
    <int name="key_ms_name" value="-15597311" />
    <int name="pagetitle_sel_picker" value="-201453123" />
    <boolean name="ModDarkConPickColorNav_Gactive" value="false" />
    <int name="key_counter_bg" value="-4871" />
    <boolean name="key_send_hidden_msg" value="false" />
    <int name="key_msnewbottom_GC" value="-4871" />
    <boolean name="key_msnews_Gactive" value="false" />
    <int name="ModChatColor" value="-592266" />
    <boolean name="hide_translation_icon" value="false" />
    <int name="tabadgeBKColor" value="-201453123" />
    <boolean name="HomeCounterBK_Gactive" value="false" />
    <boolean name="home_imgBK" value="true" />
    <int name="key_dwh_size_bannerC" value="160" />
    <boolean name="key_mstellC" value="true" />
    <boolean name="key_mstellB" value="true" />
    <int name="key_mas_icon_quickcontact" value="-1" />
    <boolean name="quoted_name_picker_Gactive" value="false" />
    <int name="key_ms_Ban" value="-1" />
    <boolean name="custom_wall_profilepic" value="false" />
    <int name="key_mas_setBackground_quick_GC" value="-135691" />
    <boolean name="stkr_wantsendconfirmation" value="true" />
    <boolean name="quickText_check" value="true" />
    <boolean name="date_right_color_Gactive" value="false" />
    <int name="quickBK_GC" value="-14833055" />
    <int name="tabadgeTextColor" value="-592266" />
    <string name="ConvoEntry">28</string>
    <int name="key_ms_icon" value="-1" />
    <int name="ModConColor" value="-592266" />
    <boolean name="key_grsHeader" value="true" />
    <string name="key_custom_iconup">0</string>
    <int name="key_msnewscar_GC" value="1727563993" />
    <string name="x_callsrow_fix">1</string>
    <string name="tick_style">pointer</string>
    <int name="ModConPickColor_GC" value="-1" />
    <boolean name="hide_fab" value="false" />
    <int name="key_msnewbottom_GOrient" value="0" />
    <boolean name="ModChatGStatusT_Gactive" value="false" />
    <boolean name="key_hide_scrollup" value="false" />
    <boolean name="ModDarkConPickColor_check" value="true" />
    <int name="quickBK_GOrient" value="0" />
    <boolean name="imsHideMStatus" value="false" />
    <string name="ui_bottom_style">basic</string>
    <boolean name="key_quick_view" value="false" />
    <boolean name="my_name" value="true" />
    <int name="mas_latarkontak2" value="-14366" />
    <int name="pagetitle_picker" value="-201453123" />
    <int name="BGColor_GC" value="-772" />
    <boolean name="TxtSelect" value="true" />
    <int name="ModChatGStatusB_GC" value="-14366" />
    <boolean name="PicHead" value="false" />
    <boolean name="key_botPP" value="false" />
    <boolean name="hide_action_a" value="false" />
    <boolean name="hide_action_b" value="false" />
    <boolean name="key_meler1" value="true" />
    <boolean name="ModFabPressedColor_Gactive" value="false" />
    <string name="inconvo_trans_option">in-y</string>
    <boolean name="key_msnewshader_check" value="true" />
    <int name="key_dwh_size_banner" value="220" />
    <boolean name="key_name_stories_Gactive" value="false" />
    <boolean name="quoted_text_picker_Gactive" value="false" />
    <boolean name="ModConPickColor_Gactive" value="true" />
    <string name="HomeEntry">yousef</string>
    <string name="hazar_bozkurt_sesler_gelenmesaj">0</string>
    <int name="key_msnewshader_GOrient" value="0" />
    <int name="main_text" value="17" />
    <boolean name="ModChatRightBubble_Gactive" value="false" />
    <boolean name="key_comun" value="true" />
    <boolean name="ModConColor_Gactive" value="true" />
    <int name="ModDarkConPickColor_GC" value="-1" />
    <int name="text_size_pick" value="13" />
    <int name="key_name_stories" value="-15597311" />
    <int name="key_ms_bordab" value="-1629" />
    <int name="rvkdmsg_icon_color" value="-201362215" />
    <int name="key_msnews_GC" value="1610020470" />
    <boolean name="ModDarkConPickColorNav_check" value="true" />
    <boolean name="key_updown_bgcolor_Gactive" value="false" />
    <boolean name="hide_banner" value="false" />
    <string name="key_quick_position">top</string>
    <boolean name="ModChatGStatusB_Gactive" value="true" />
    <boolean name="quoted_bg_picker_Gactive" value="true" />
    <string name="menit2">0</string>
    <boolean name="hide_action_s" value="false" />
    <string name="menit1">0</string>
    <int name="ModFabNormalColor" value="-201362215" />
    <boolean name="key_msbot" value="false" />
    <boolean name="hide_action_l" value="false" />
    <boolean name="hide_action_m" value="false" />
    <int name="ModContactNameColor" value="-201453123" />
    <boolean name="Audio_sensor" value="true" />
    <boolean name="MasOption" value="false" />
    <string name="key_admicon_list">0</string>
    <int name="key_msnewstab" value="-1711276033" />
    <boolean name="tabadgeTextColor_Gactive" value="false" />
    <int name="key_mas_setText_contact_name" value="-15597311" />
    <boolean name="BGColor_Gactive" value="true" />
    <int name="date_right_color" value="-201362215" />
    <string name="jamm">0</string>
    <int name="key_ms_bordabA" value="-10161929" />
    <boolean name="isDialogConfirmed" value="true" />
    <boolean name="NameProf" value="false" />
    <boolean name="ModChatEmojiColor_Gactive" value="false" />
    <boolean name="ModChatBtnColor_Gactive" value="false" />
    <boolean name="key_mstell" value="true" />
    <int name="ModChatRightBubble" value="-939659787" />
    <int name="key_msnewscar_GOrient" value="0" />
    <int name="quickText" value="-1" />
    <boolean name="ModChaSendBKColor_Gactive" value="false" />
    <int name="ModChatLeftBubble" value="-852066" />
    <int name="key_msnewbottom" value="-14366" />
    <boolean name="tittle_center" value="false" />
    <boolean name="pagetitle_sel_picker_Gactive" value="false" />
    <int name="quoted_bg_picker_GC" value="-1" />
    <boolean name="yo_want_airplanemode" value="true" />
    <string name="x_anim_style">0</string>
    <int name="ModDarkConPickColor" value="-592266" />
    <boolean name="key_hide_scrolldown" value="false" />
    <boolean name="yo_multi_account_menu" value="false" />
    <int name="ModConTextColor" value="-218103808" />
    <int name="key_msnews_GOrient" value="0" />
    <boolean name="key_with_thumb" value="false" />
    <boolean name="disableDTTL" value="false" />
    <string name="papan">17</string>
    <boolean name="yo_want_toolbar_camV2" value="false" />
    <string name="jaaam2">0</string>
    <string name="tabb">0</string>
    <int name="BGColor_GCDir" value="0" />
    <boolean name="PicProf" value="false" />
    <int name="key_msnewscar" value="-1711276033" />
    <boolean name="key_msnewstab_Gactive" value="false" />
    <boolean name="key_msbb003" value="true" />
    <boolean name="SeenColor_Gactive" value="false" />
    <boolean name="key_updown_iconcolor_check" value="true" />
    <boolean name="btn_voice_color_chat_picker_Gactive" value="false" />
    <int name="key_msnewshader_GC" value="-1048709" />
    <int name="ModConPickColor_GCDir" value="3" />
    <string name="key_custom_icondown">0</string>
    <boolean name="ModChatColor_Gactive" value="true" />
    <string name="bubble_style">crmessenger</string>
    <int name="ModChatBtnColor" value="-15006962" />
    <boolean name="key_counter_bg_Gactive" value="false" />
    <boolean name="ModChatLeftBubble_Gactive" value="false" />
    <int name="ModChatColor_GCDir" value="3" />
    <boolean name="abu_saleh_key_fab_caht" value="false" />
    <int name="ModDarkConPickColor_GOrient" value="2" />
    <boolean name="HomeCounterText_Gactive" value="false" />
    <int name="date_left_color" value="-201362215" />
    <boolean name="ModDarkConPickColor_Gactive" value="false" />
    <int name="seekbar_color_chat_picker" value="-1" />
    <boolean name="key_msnewscar_Gactive" value="false" />
    <int name="ModFabPressedColor" value="-4871" />
    <boolean name="abu9aleh_status_audio" value="false" />
    <boolean name="key_msnewshader_Gactive" value="true" />
    <int name="ModChatGStatusB" value="-135691" />
    <int name="quoted_name_picker" value="-15597311" />
    <boolean name="key_msnewbottom_check" value="true" />
    <int name="HomeBarText" value="-201453123" />
    <boolean name="imsHideRStatus" value="false" />
    <int name="ModChatGStatusT" value="-15597311" />
    <boolean name="tittle_bold" value="false" />
    <boolean name="on_shadow_text" value="false" />
    <boolean name="key_reggC" value="true" />
    <boolean name="key_header" value="false" />
    <boolean name="isSwipeEnabledV2" value="false" />
    <boolean name="Hide_contact_picker_section_other_contacts" value="false" />
    <int name="fab_rounded_key" value="12" />
    <string name="menit">0</string>
    <boolean name="hide_custom" value="false" />
    <boolean name="seekbar_color_chat_picker_Gactive" value="false" />
    <boolean name="enable_ig_stories" value="true" />
    <int name="ModConPickColor" value="-592266" />
    <boolean name="admin_abosaleh" value="false" />
    <string name="key_group_icon">6</string>
    <string name="key_story_view">0</string>
    <boolean name="read_more" value="false" />
    <string name="abu_saleh_quickcontact">0</string>
    <int name="key_mas_setBackground_quick" value="-14366" />
    <string name="bubble_dimen">0</string>
    <boolean name="rvkdmsg_icon_color_Gactive" value="false" />
    <boolean name="date_left_color_Gactive" value="false" />
    <boolean name="Nuevo_EstiloEmoji" value="true" />
    <boolean name="yo_want_nightmode" value="false" />
    <int name="ModConColor_GCDir" value="3" />
    <boolean name="key_updown_bgcolor_check" value="true" />
    <int name="quickBK" value="-14366" />
    <boolean name="abu_saleh_hide_community_icon" value="false" />
    <boolean name="key_mas_setBackground_quick_Gactive" value="true" />
    <int name="key_msnewscar2" value="12" />
    <int name="key_msnewscar1" value="-1048709" />
    <boolean name="custom_wall" value="false" />
    <boolean name="ModChatEntry_Gactive" value="false" />
    <boolean name="elapsed_time" value="false" />
    <boolean name="abu_saleh_hide_list" value="true" />
    <int name="btn_voice_color_chat_picker" value="-25653" />
    <string name="key_calls_icon">12</string>
    <int name="key_updown_bgcolor" value="-14366" />
    <int name="key_msnewscar4" value="1" />
    <boolean name="ModFabNormalColor_Gactive" value="false" />
    <boolean name="Audio_ears" value="false" />
    <int name="ModChatEntry" value="-201815847" />
    <string name="x_channelrow_fix">1</string>
    <int name="square_photo_ratio_picker" value="100" />
    <boolean name="key_regg" value="true" />
    <string name="key_status_ui">0</string>
    <string name="key_dial1">0</string>
    <string name="hazar_bozkurt_sesler_gidenmesaj">0</string>
    <string name="key_dial2">0</string>
    <string name="jamm2">0</string>
    <string name="jamm1">0</string>
    <int name="ModConColor_GC" value="-1" />
    <boolean name="key_headerNA" value="true" />
    <boolean name="key_headerNB" value="true" />
    <int name="SeenColor" value="-4871" />
</map>
