<?xml version='1.0' encoding='utf-8' standalone='yes' ?>
<map>
    <boolean name="abu_saleh_status_and_photo" value="true" />
    <int name="ModChaSendBKColor" value="-1851258" />
    <string name="x_statusesrow_fix">1</string>
    <int name="quoted_text_picker" value="-15987700" />
    <int name="tittle_size" value="20" />
    <boolean name="disable_hiddenchat_access" value="true" />
    <boolean name="my_statusd" value="true" />
    <boolean name="abu_saleh_toast_typing_bc_check" value="true" />
    <boolean name="imsHideVStatus" value="true" />
    <boolean name="abu_saleh_toast_profile_cs" value="true" />
    <int name="abu_saleh_toast_profile_tc" value="-1851258" />
    <int name="key_updown_iconcolor" value="-1061489" />
    <int name="abu_saleh_toast_online_rd" value="23" />
    <boolean name="ModContactNameColor_Gactive" value="false" />
    <boolean name="newAttach_BottomDesign" value="false" />
    <boolean name="Conv_call_btn" value="false" />
    <boolean name="ModFabTextColor_Gactive" value="false" />
    <boolean name="Hide_div" value="true" />
    <boolean name="yo_want_ghostmode" value="false" />
    <int name="abu_saleh_toast_typing_bc_GC" value="-14012621" />
    <int name="statuses_bar_bg_picker_GC" value="-16579578" />
    <boolean name="key_mas_hide_archive_home" value="false" />
    <boolean name="key_hide_unsaved_num" value="true" />
    <boolean name="HomeBarText_Gactive" value="false" />
    <int name="key_msnewstab_GC" value="-14012621" />
    <boolean name="MetaAI" value="false" />
    <string name="key_status_icon">13</string>
    <int name="key_dwh_size_row" value="80" />
    <int name="key_meler" value="-14210000" />
    <boolean name="abu_saleh_toast_online_bc_Gactive" value="true" />
    <string name="pp0">10</string>
    <boolean name="abu_saleh_forward_tovoice" value="false" />
    <boolean name="abu_saleh_toast_profile_el" value="false" />
    <boolean name="onlinechat" value="true" />
    <string name="detik2">0</string>
    <boolean name="enable_fivminstatus" value="true" />
    <int name="abu_saleh_toast_status_bc_GC" value="-14012621" />
    <string name="ui_home_styleV3">basic</string>
    <boolean name="key_tt" value="true" />
    <string name="key_edit_hidden_msg">!!MENSAGEM OCULTA!!</string>
    <string name="convostyle">1</string>
    <int name="quoted_bg_picker_GCDir" value="1" />
    <int name="HomeCounterBK" value="-1851258" />
    <string name="key_chats_icon">7</string>
    <boolean name="abu_saleh_toast_status_tc_check" value="true" />
    <int name="ModChatBubbleTextLeft" value="-15987700" />
    <int name="ModHomeMentionIconColor" value="-16579578" />
    <boolean name="enable_grp_separationV2" value="true" />
    <int name="ModChatColor_GC" value="1307634915" />
    <int name="quoted_divider_picker" value="0" />
    <int name="abu_saleh_toast_online_tc" value="-1851258" />
    <int name="key_updown_bgcolor_GOrient" value="6" />
    <boolean name="abu_saleh_toast_online_cs" value="true" />
    <int name="ModFabTextColor" value="-1851258" />
    <boolean name="Fake_chat_real" value="false" />
    <boolean name="bubble_more_options_dlg" value="true" />
    <boolean name="ModConTextColor_Gactive" value="false" />
    <boolean name="hide_action_mas" value="false" />
    <string name="ic_attachment_bg">1</string>
    <boolean name="abu_saleh_toast_status_view" value="true" />
    <boolean name="key_method_endgp" value="false" />
    <boolean name="key_msnewscar_check" value="true" />
    <boolean name="yo_hideinfo" value="true" />
    <boolean name="Hide_contact_picker_section_recent_chats" value="false" />
    <boolean name="abosaleh_mention_member" value="false" />
    <int name="HomeCounterText" value="-16579578" />
    <boolean name="direkt_link_degistir" value="false" />
    <string name="ppsf">10</string>
    <boolean name="tabadgeBKColor_Gactive" value="false" />
    <boolean name="arch_chats_top" value="true" />
    <boolean name="abu_saleh_research" value="true" />
    <string name="key_community_icon">12</string>
    <boolean name="onlineDotchat" value="true" />
    <string name="pps">10</string>
    <int name="ModlastseenColor" value="-14012621" />
    <boolean name="Hide_contact_picker_section_frequent_chats" value="false" />
    <boolean name="status_wantsendconfirmation" value="true" />
    <int name="key_msnewstab4" value="1" />
    <int name="key_msnewstab2" value="18" />
    <int name="BGColor" value="0" />
    <int name="key_msnewstab1" value="-16579578" />
    <boolean name="enable_statuspage_extras" value="true" />
    <int name="abu_saleh_toast_online_bc" value="-987933" />
    <int name="abu_saleh_toast_typing_bc_GOrient" value="6" />
    <boolean name="key_carousel_view" value="true" />
    <boolean name="on_anim" value="true" />
    <boolean name="key_msnewstab_check" value="true" />
    <int name="quoted_bg_picker" value="-471113" />
    <boolean name="abu_saleh_toast_typing_view" value="true" />
    <boolean name="pagetitle_picker_Gactive" value="false" />
    <int name="statuses_bar_bg_picker_GCDir" value="1" />
    <boolean name="banner_clock" value="true" />
    <boolean name="statuschat" value="true" />
    <boolean name="abu_saleh_play_voice_note" value="false" />
    <boolean name="quoted_divider_picker_Gactive" value="false" />
    <boolean name="multiChats" value="false" />
    <int name="sub_tittle_size" value="10" />
    <int name="ModChatEmojiColor" value="-5567726" />
    <boolean name="ModChaSendColor_Gactive" value="false" />
    <int name="ModChaSendColor" value="-16579578" />
    <int name="pagetitle_sel_picker" value="-5567726" />
    <boolean name="key_send_hidden_msg" value="false" />
    <boolean name="onlineDotchatColor_Gactive" value="false" />
    <int name="ModChatColor" value="-1184026" />
    <boolean name="key_meler_Gactive" value="false" />
    <boolean name="hide_translation_icon" value="false" />
    <int name="tabadgeBKColor" value="-1851258" />
    <int name="abu_saleh_toast_status_bc" value="-987933" />
    <boolean name="HomeCounterBK_Gactive" value="false" />
    <boolean name="home_imgBK" value="true" />
    <boolean name="quoted_name_picker_Gactive" value="false" />
    <int name="abu_saleh_toast_status_tc" value="-1851258" />
    <boolean name="custom_wall_profilepic" value="false" />
    <boolean name="abu_saleh_toast_status_cs" value="true" />
    <boolean name="stkr_wantsendconfirmation" value="true" />
    <boolean name="date_right_color_Gactive" value="false" />
    <int name="tabadgeTextColor" value="-16579578" />
    <string name="ConvoEntry">25</string>
    <int name="ModConColor" value="-1184026" />
    <boolean name="key_grsHeader" value="true" />
    <string name="key_custom_iconup">5</string>
    <string name="x_callsrow_fix">1</string>
    <string name="ic_attachment_galery">7</string>
    <int name="key_msnewscar_GC" value="-14012621" />
    <string name="ic_attachment_poll">5</string>
    <string name="tick_style">rcalo</string>
    <int name="abu_saleh_toast_status_bc_GOrient" value="6" />
    <int name="ModConPickColor_GC" value="-16579578" />
    <boolean name="hide_fab" value="true" />
    <string name="ic_attachment_device">3</string>
    <int name="abu_saleh_toast_profile_rd" value="23" />
    <boolean name="key_hide_scrollup" value="true" />
    <boolean name="ModDarkConPickColor_check" value="true" />
    <boolean name="imsHideMStatus" value="true" />
    <boolean name="ModChatTextColor_Gactive" value="false" />
    <string name="ui_bottom_style">basic</string>
    <boolean name="key_quick_view" value="false" />
    <boolean name="my_name" value="true" />
    <int name="mas_latarkontak2" value="-16734076" />
    <boolean name="TxtSelect" value="true" />
    <int name="pagetitle_picker" value="-1851258" />
    <int name="abu_saleh_toast_profile_bc" value="-987933" />
    <boolean name="PicHead" value="false" />
    <boolean name="key_botPP" value="false" />
    <boolean name="hide_action_a" value="false" />
    <boolean name="key_meler1" value="false" />
    <boolean name="hide_action_b" value="false" />
    <string name="inconvo_trans_option">gapp</string>
    <string name="x_ptt_start_record">0</string>
    <boolean name="abu_saleh_toast_typing_bc_Gactive" value="true" />
    <int name="key_msnewstab_GOrient" value="6" />
    <boolean name="key_name_stories_Gactive" value="false" />
    <boolean name="quoted_text_picker_Gactive" value="false" />
    <int name="abu_saleh_toast_status_rd" value="23" />
    <boolean name="ModConPickColor_Gactive" value="false" />
    <string name="HomeEntry">yousef</string>
    <boolean name="statuses_bar_text_picker_Gactive" value="false" />
    <int name="main_text" value="17" />
    <boolean name="ModChatRightBubble_Gactive" value="false" />
    <boolean name="key_comun" value="true" />
    <int name="ModDarkConPickColor_GC" value="-16579578" />
    <boolean name="ModConColor_Gactive" value="true" />
    <int name="text_size_pick" value="16" />
    <string name="ic_attachment_event">5</string>
    <int name="key_name_stories" value="-16579578" />
    <int name="ModChatBubbleText" value="-16579578" />
    <int name="rvkdmsg_icon_color" value="-5567726" />
    <string name="key_chat_animation">0</string>
    <boolean name="hide_banner" value="true" />
    <boolean name="key_updown_bgcolor_Gactive" value="true" />
    <string name="key_quick_position">top</string>
    <boolean name="quoted_bg_picker_Gactive" value="true" />
    <string name="menit2">0</string>
    <boolean name="hide_action_s" value="false" />
    <int name="ModFabNormalColor" value="-14210000" />
    <boolean name="hide_action_l" value="false" />
    <boolean name="hide_action_m" value="false" />
    <int name="ModContactNameColor" value="-16579578" />
    <boolean name="Audio_sensor" value="true" />
    <boolean name="MasOption" value="true" />
    <string name="key_admicon_list">5</string>
    <boolean name="abu_saleh_toast_typing_cs" value="true" />
    <int name="key_msnewstab" value="-1184026" />
    <int name="abu_saleh_toast_typing_tc" value="-1851258" />
    <int name="UnSeenColor" value="-1851258" />
    <boolean name="abu_saleh_toast_online_tc_check" value="true" />
    <boolean name="tabadgeTextColor_Gactive" value="false" />
    <boolean name="abu_saleh_toast_online_bc_check" value="true" />
    <int name="rowright" value="120" />
    <boolean name="BGColor_Gactive" value="false" />
    <int name="abu_saleh_toast_online_bc_GC" value="-14606047" />
    <int name="date_right_color" value="-1851258" />
    <string name="jamm">0</string>
    <string name="abu_saleh_toast_status_gv">0</string>
    <boolean name="NameProf" value="false" />
    <boolean name="ModChatEmojiColor_Gactive" value="false" />
    <boolean name="ModChatBtnColor_Gactive" value="false" />
    <int name="ModChatRightBubble" value="-471113" />
    <boolean name="ModHomeMentionIconColor_Gactive" value="false" />
    <int name="quickText" value="-1" />
    <int name="key_msnewscar_GOrient" value="6" />
    <boolean name="ModChaSendBKColor_Gactive" value="false" />
    <int name="ModChatLeftBubble" value="-471113" />
    <int name="abu_saleh_toast_online_bc_GOrient" value="6" />
    <boolean name="tittle_center" value="false" />
    <boolean name="pagetitle_sel_picker_Gactive" value="false" />
    <int name="quoted_bg_picker_GC" value="-15987700" />
    <boolean name="abu_saleh_toast_online_view" value="true" />
    <string name="x_anim_style">1</string>
    <boolean name="yo_want_airplanemode" value="false" />
    <boolean name="key_hide_scrolldown" value="false" />
    <int name="ModDarkConPickColor" value="-1184026" />
    <string name="ic_attachment_cam">5</string>
    <boolean name="yo_multi_account_menu" value="false" />
    <int name="ModConTextColor" value="-987933" />
    <string name="ic_attachment_documents">3</string>
    <boolean name="key_with_thumb" value="true" />
    <boolean name="disableDTTL" value="true" />
    <int name="key_updown_bgcolor_GC" value="-16579578" />
    <string name="papan">0</string>
    <int name="abu_saleh_toast_typing_rd" value="23" />
    <boolean name="yo_want_toolbar_camV2" value="true" />
    <boolean name="ModOnlineColor_Gactive" value="false" />
    <string name="jaaam2">0</string>
    <boolean name="PicProf" value="false" />
    <string name="tabb">0</string>
    <int name="key_msnewscar" value="-1184026" />
    <boolean name="abu_saleh_toast_status_el" value="false" />
    <boolean name="key_msnewstab_Gactive" value="true" />
    <boolean name="SeenColor_Gactive" value="false" />
    <boolean name="key_updown_iconcolor_check" value="true" />
    <string name="ic_attachment_ia">2</string>
    <int name="abu_saleh_toast_typing_bc" value="-987933" />
    <int name="ModConPickColor_GCDir" value="0" />
    <string name="key_custom_icondown">5</string>
    <string name="bubble_style">rcfancy</string>
    <boolean name="ModChatColor_Gactive" value="true" />
    <int name="ModChatBtnColor" value="-16579578" />
    <boolean name="ModChatLeftBubble_Gactive" value="false" />
    <string name="ic_attachment_pix">3</string>
    <int name="ModChatColor_GCDir" value="0" />
    <boolean name="abu_saleh_key_fab_caht" value="false" />
    <boolean name="AttBt" value="false" />
    <int name="ModDarkConPickColor_GOrient" value="6" />
    <boolean name="HomeCounterText_Gactive" value="false" />
    <string name="home_stories_style">circle</string>
    <boolean name="getDefaultContactTypingColor_Gactive" value="false" />
    <int name="date_left_color" value="-5567726" />
    <boolean name="abu_saleh_toast_online_el" value="false" />
    <boolean name="ModDarkConPickColor_Gactive" value="true" />
    <boolean name="ModChatBubbleText_Gactive" value="false" />
    <string name="key_chats_listanimation">0</string>
    <boolean name="key_msnewscar_Gactive" value="true" />
    <string name="abu_saleh_toast_profile_gv">0</string>
    <int name="abu_saleh_toast_profile_bc_GOrient" value="6" />
    <boolean name="abu9aleh_status_audio" value="true" />
    <int name="statuses_bar_bg_picker" value="-1184026" />
    <int name="quoted_name_picker" value="-5567726" />
    <int name="abu_saleh_toast_profile_bc_GC" value="-14012621" />
    <int name="HomeBarText" value="-16579578" />
    <int name="pestop" value="15" />
    <boolean name="imsHideRStatus" value="false" />
    <boolean name="tittle_bold" value="true" />
    <string name="abu_saleh_toast_typing_gv">0</string>
    <boolean name="abu_saleh_toast_profile_view" value="false" />
    <string name="list_effects">11</string>
    <boolean name="log_show_name_check" value="true" />
    <boolean name="on_shadow_text" value="true" />
    <boolean name="home_stories_key" value="true" />
    <int name="statuses_bar_text_picker" value="-16579578" />
    <boolean name="abu_saleh_toast_status_bc_check" value="true" />
    <string name="ic_attachment_location">2</string>
    <boolean name="ModHomeMentionIndBackground_Gactive" value="false" />
    <boolean name="key_header" value="true" />
    <boolean name="isSwipeEnabledV2" value="false" />
    <boolean name="Hide_contact_picker_section_other_contacts" value="false" />
    <int name="fab_rounded_key" value="36" />
    <string name="x_sound_incoming">0</string>
    <string name="menit">0</string>
    <boolean name="hide_custom" value="true" />
    <int name="pesright" value="117" />
    <boolean name="enable_ig_stories" value="true" />
    <int name="ModConPickColor" value="-1184026" />
    <boolean name="abu_saleh_toast_status_bc_Gactive" value="true" />
    <boolean name="abu_saleh_toast_profile_bc_check" value="true" />
    <boolean name="abu_saleh_toast_profile_tc_check" value="true" />
    <boolean name="admin_abosaleh" value="false" />
    <int name="arxiright" value="119" />
    <string name="key_group_icon">12</string>
    <string name="key_story_view">0</string>
    <int name="getDefaultContactTypingColor" value="-5567726" />
    <boolean name="read_more" value="true" />
    <string name="abu_saleh_quickcontact">2</string>
    <boolean name="abu_saleh_toast_typing_el" value="false" />
    <int name="key_mas_setBackground_quick" value="-1" />
    <string name="bubble_dimen">1</string>
    <boolean name="date_left_color_Gactive" value="false" />
    <boolean name="rvkdmsg_icon_color_Gactive" value="false" />
    <boolean name="yo_want_nightmode" value="false" />
    <int name="ModConColor_GCDir" value="3" />
    <boolean name="key_updown_bgcolor_check" value="true" />
    <string name="abu_saleh_toast_online_gv">0</string>
    <int name="quickBK" value="-14833055" />
    <boolean name="UnSeenColor_Gactive" value="false" />
    <int name="key_msnewscar2" value="18" />
    <boolean name="abu_saleh_toast_typing_tc_check" value="true" />
    <int name="key_msnewscar1" value="-16579578" />
    <boolean name="abu_saleh_toast_profile_bc_Gactive" value="true" />
    <boolean name="custom_wall" value="false" />
    <boolean name="ModChatBubbleTextLeft_Gactive" value="false" />
    <boolean name="ModChatEntry_Gactive" value="false" />
    <boolean name="abu_saleh_hide_list" value="true" />
    <boolean name="elapsed_time" value="true" />
    <string name="key_calls_icon">12</string>
    <boolean name="ModlastseenColor_Gactive" value="false" />
    <int name="onlineDotchatColor" value="-987933" />
    <int name="ModHomeMentionIndBackground" value="-1851258" />
    <int name="key_updown_bgcolor" value="-16579578" />
    <int name="key_msnewscar4" value="1" />
    <string name="x_sound_send_message">0</string>
    <boolean name="ModFabNormalColor_Gactive" value="false" />
    <string name="key_pager_animation">0</string>
    <boolean name="Audio_ears" value="false" />
    <int name="ModChatEntry" value="1307634915" />
    <string name="x_channelrow_fix">1</string>
    <int name="square_photo_ratio_picker" value="100" />
    <boolean name="statuses_bar_bg_picker_Gactive" value="true" />
    <int name="ModChatTextColor" value="-16579578" />
    <string name="x_ptt_stop_record">0</string>
    <string name="key_status_ui">0</string>
    <string name="key_dial2">0</string>
    <string name="ic_attachment_contact">5</string>
    <string name="ic_attachment_audio">5</string>
    <string name="jamm2">0</string>
    <int name="ModConColor_GC" value="197638" />
    <int name="SeenColor" value="-5567726" />
    <int name="ModOnlineColor" value="-14012621" />
</map>
