<?xml version='1.0' encoding='utf-8' standalone='yes' ?>
<map>
    <int name="key_msnews4" value="1" />
    <boolean name="abu_saleh_status_and_photo" value="true" />
    <int name="key_msnews1" value="-3238952" />
    <int name="ModChaSendBKColor" value="-6525483" />
    <int name="key_msnews2" value="12" />
    <int name="quoted_text_picker" value="-16777216" />
    <string name="x_statusesrow_fix">1</string>
    <int name="tittle_size" value="20" />
    <boolean name="disable_hiddenchat_access" value="false" />
    <boolean name="my_statusd" value="false" />
    <boolean name="imsHideVStatus" value="false" />
    <boolean name="abu_saleh_toast_profile_cs" value="true" />
    <int name="abu_saleh_toast_profile_tc" value="-1" />
    <int name="key_updown_iconcolor" value="-131587" />
    <int name="abu_saleh_toast_online_rd" value="23" />
    <boolean name="ModContactNameColor_Gactive" value="false" />
    <int name="key_ms_Perff" value="-131587" />
    <boolean name="newAttach_BottomDesign" value="false" />
    <boolean name="Conv_call_btn" value="false" />
    <boolean name="ModFabTextColor_Gactive" value="false" />
    <boolean name="Hide_div" value="true" />
    <boolean name="yo_want_ghostmode" value="false" />
    <int name="key_mas_border_avatar_quick_contact" value="-131587" />
    <int name="statuses_bar_bg_picker_GC" value="-131587" />
    <boolean name="key_mas_hide_archive_home" value="false" />
    <boolean name="key_hide_unsaved_num" value="false" />
    <int name="ModDarkConPickColorNav_GC" value="-1920001" />
    <boolean name="HomeBarText_Gactive" value="false" />
    <int name="key_msnewstab_GC" value="-1948077057" />
    <boolean name="MetaAI" value="false" />
    <int name="key_dwh_size_row" value="91" />
    <string name="key_status_icon">12</string>
    <string name="pp0">38</string>
    <boolean name="abu_saleh_forward_tovoice" value="false" />
    <boolean name="key_msnewbottom_Gactive" value="true" />
    <boolean name="abu_saleh_toast_profile_el" value="false" />
    <boolean name="onlinechat" value="false" />
    <string name="detik1">0</string>
    <string name="detik2">0</string>
    <boolean name="enable_fivminstatus" value="true" />
    <string name="ui_home_styleV3">basic</string>
    <string name="key_edit_hidden_msg">!!MENSAGEM OCULTA!!</string>
    <boolean name="key_tt" value="true" />
    <int name="quoted_bg_picker_GCDir" value="0" />
    <int name="HomeCounterBK" value="-529409" />
    <string name="key_chats_icon">7</string>
    <int name="ModChatBubbleTextLeft" value="-16777216" />
    <int name="key_msnews" value="-16777216" />
    <boolean name="abu_saleh_toast_status_tc_check" value="true" />
    <int name="ModChatColor_GC" value="-1140850688" />
    <boolean name="enable_grp_separationV2" value="true" />
    <int name="quoted_divider_picker" value="-6525483" />
    <int name="key_ms_bordabAA" value="-7705" />
    <boolean name="Abu_Saleh_Previewbtn" value="false" />
    <int name="abu_saleh_toast_online_tc" value="-1" />
    <boolean name="abu_saleh_toast_online_cs" value="true" />
    <int name="ModFabTextColor" value="-1" />
    <boolean name="key_counter_tx_Gactive" value="false" />
    <boolean name="Fake_chat_real" value="false" />
    <boolean name="bubble_more_options_dlg" value="false" />
    <boolean name="ModConTextColor_Gactive" value="false" />
    <int name="mas_lingkaran_kontak2" value="-1257473" />
    <int name="mas_lingkaran_kontak3" value="-131587" />
    <boolean name="key_mstellchat2" value="true" />
    <boolean name="hide_action_mas" value="false" />
    <boolean name="abu_saleh_toast_status_view" value="true" />
    <boolean name="key_method_endgp" value="false" />
    <boolean name="key_msnewscar_check" value="true" />
    <boolean name="yo_hideinfo" value="true" />
    <boolean name="Hide_contact_picker_section_recent_chats" value="false" />
    <int name="key_counter_tx" value="-15400446" />
    <boolean name="abosaleh_mention_member" value="false" />
    <int name="HomeCounterText" value="-16777216" />
    <boolean name="key_msnews_check" value="true" />
    <boolean name="key_mas_setBackground_quick_check" value="true" />
    <boolean name="direkt_link_degistir" value="false" />
    <string name="ppsf">38</string>
    <boolean name="tabadgeBKColor_Gactive" value="false" />
    <int name="ModDarkConPickColorNav_GOrient" value="0" />
    <boolean name="arch_chats_top" value="true" />
    <int name="key_msnewshader" value="0" />
    <boolean name="abu_saleh_research" value="false" />
    <boolean name="onlineDotchat" value="false" />
    <string name="key_community_icon">1</string>
    <int name="key_msnewbottom1" value="-1" />
    <int name="key_msnewbottom2" value="12" />
    <string name="pps">38</string>
    <boolean name="abu_saleh_image_quality" value="false" />
    <int name="key_mas_setBackground_quick_GOrient" value="0" />
    <int name="key_msnewbottom3" value="1" />
    <boolean name="Hide_contact_picker_section_frequent_chats" value="false" />
    <boolean name="status_wantsendconfirmation" value="true" />
    <int name="ModDarkConPickColorNav" value="-1920001" />
    <int name="key_msnewstab4" value="1" />
    <int name="key_msnewstab2" value="21" />
    <int name="key_msnewstab1" value="-6525483" />
    <boolean name="enable_statuspage_extras" value="false" />
    <boolean name="key_headerRE" value="true" />
    <int name="abu_saleh_toast_online_bc" value="-27427" />
    <int name="quoted_bg_picker" value="-4560696" />
    <boolean name="on_anim" value="true" />
    <boolean name="key_msnewstab_check" value="true" />
    <boolean name="abu_saleh_toast_typing_view" value="true" />
    <int name="ModChatGStatusB_GCDir" value="3" />
    <boolean name="pagetitle_picker_Gactive" value="false" />
    <int name="statuses_bar_bg_picker_GCDir" value="0" />
    <boolean name="statuschat" value="false" />
    <boolean name="banner_clock" value="true" />
    <boolean name="abu_saleh_play_voice_note" value="false" />
    <boolean name="quoted_divider_picker_Gactive" value="false" />
    <boolean name="key_mstellchat" value="true" />
    <int name="sub_tittle_size" value="10" />
    <int name="ModChatEmojiColor" value="-6525483" />
    <boolean name="ModChaSendColor_Gactive" value="false" />
    <int name="ModChaSendColor" value="-15400446" />
    <int name="pagetitle_sel_picker" value="-131587" />
    <int name="key_ms_name" value="-16777216" />
    <boolean name="ModDarkConPickColorNav_Gactive" value="false" />
    <boolean name="key_send_hidden_msg" value="false" />
    <int name="key_counter_bg" value="-1257473" />
    <int name="key_msnewbottom_GC" value="-529409" />
    <boolean name="key_msnews_Gactive" value="true" />
    <int name="ModChatColor" value="-1948077057" />
    <boolean name="hide_translation_icon" value="false" />
    <int name="tabadgeBKColor" value="-1257473" />
    <int name="abu_saleh_toast_status_bc" value="-27427" />
    <boolean name="HomeCounterBK_Gactive" value="false" />
    <boolean name="home_imgBK" value="true" />
    <int name="key_dwh_size_bannerC" value="160" />
    <boolean name="key_mstellC" value="true" />
    <boolean name="key_mstellB" value="true" />
    <boolean name="quoted_name_picker_Gactive" value="false" />
    <int name="key_mas_icon_quickcontact" value="-15400446" />
    <int name="key_ms_Ban" value="-7705" />
    <int name="abu_saleh_toast_status_tc" value="-1" />
    <boolean name="custom_wall_profilepic" value="false" />
    <int name="key_mas_setBackground_quick_GC" value="-3238952" />
    <boolean name="abu_saleh_toast_status_cs" value="true" />
    <boolean name="stkr_wantsendconfirmation" value="true" />
    <boolean name="date_right_color_Gactive" value="false" />
    <int name="tabadgeTextColor" value="-16777216" />
    <boolean name="abo_saleh_audio_limit_check" value="true" />
    <string name="ConvoEntry">7</string>
    <int name="key_ms_icon" value="-131587" />
    <int name="ModConColor" value="-1948077057" />
    <string name="key_custom_iconup">0</string>
    <boolean name="key_grsHeader" value="true" />
    <int name="key_msnewscar_GC" value="-1948077057" />
    <string name="x_callsrow_fix">1</string>
    <string name="tick_style">heart</string>
    <boolean name="Img_share_limit" value="true" />
    <int name="ModConPickColor_GC" value="-1140850688" />
    <boolean name="hide_fab" value="false" />
    <int name="abu_saleh_toast_profile_rd" value="23" />
    <boolean name="ModChatGStatusT_Gactive" value="false" />
    <int name="key_msnewbottom_GOrient" value="0" />
    <boolean name="key_hide_scrollup" value="false" />
    <boolean name="ModDarkConPickColor_check" value="true" />
    <boolean name="imsHideMStatus" value="false" />
    <boolean name="ModChatTextColor_Gactive" value="false" />
    <string name="ui_bottom_style">basic</string>
    <boolean name="key_quick_view" value="false" />
    <boolean name="my_name" value="true" />
    <int name="mas_latarkontak2" value="-529409" />
    <boolean name="TxtSelect" value="true" />
    <int name="BGColor_GC" value="-131587" />
    <int name="pagetitle_picker" value="-131587" />
    <int name="ModChatGStatusB_GC" value="-131587" />
    <int name="abu_saleh_toast_profile_bc" value="-27427" />
    <boolean name="PicHead" value="false" />
    <boolean name="key_botPP" value="false" />
    <boolean name="hide_action_a" value="false" />
    <boolean name="hide_action_b" value="false" />
    <boolean name="key_meler1" value="true" />
    <boolean name="ModFabPressedColor_Gactive" value="false" />
    <string name="inconvo_trans_option">in-y</string>
    <boolean name="key_msnewshader_check" value="true" />
    <int name="key_dwh_size_banner" value="170" />
    <int name="key_msnewstab_GOrient" value="0" />
    <boolean name="quoted_text_picker_Gactive" value="false" />
    <boolean name="key_name_stories_Gactive" value="false" />
    <int name="abu_saleh_toast_status_rd" value="23" />
    <boolean name="ModConPickColor_Gactive" value="true" />
    <string name="HomeEntry">yousef</string>
    <string name="hazar_bozkurt_sesler_gelenmesaj">0</string>
    <boolean name="statuses_bar_text_picker_Gactive" value="false" />
    <int name="main_text" value="16" />
    <boolean name="ModChatRightBubble_Gactive" value="false" />
    <boolean name="key_comun" value="true" />
    <boolean name="ModConColor_Gactive" value="true" />
    <int name="ModDarkConPickColor_GC" value="-16777216" />
    <int name="text_size_pick" value="15" />
    <int name="key_name_stories" value="-16777216" />
    <int name="ModChatBubbleText" value="-16777216" />
    <int name="rvkdmsg_icon_color" value="-6525483" />
    <int name="key_msnews_GC" value="-1920001" />
    <boolean name="ModDarkConPickColorNav_check" value="true" />
    <boolean name="key_updown_bgcolor_Gactive" value="false" />
    <boolean name="hide_banner" value="true" />
    <string name="key_quick_position">top</string>
    <boolean name="ModChatGStatusB_Gactive" value="true" />
    <boolean name="quoted_bg_picker_Gactive" value="true" />
    <string name="menit2">0</string>
    <boolean name="hide_action_s" value="false" />
    <string name="menit1">0</string>
    <int name="ModFabNormalColor" value="-6525483" />
    <boolean name="key_msbot" value="true" />
    <boolean name="hide_action_l" value="false" />
    <boolean name="hide_action_m" value="false" />
    <int name="ModContactNameColor" value="-16777216" />
    <boolean name="Audio_sensor" value="true" />
    <boolean name="MasOption" value="false" />
    <string name="key_admicon_list">0</string>
    <boolean name="abu_saleh_toast_typing_cs" value="true" />
    <int name="key_msnewstab" value="-1711276033" />
    <int name="abu_saleh_toast_typing_tc" value="-1" />
    <int name="UnSeenColor" value="-1" />
    <boolean name="abu_saleh_toast_online_tc_check" value="true" />
    <boolean name="tabadgeTextColor_Gactive" value="false" />
    <boolean name="BGColor_Gactive" value="false" />
    <int name="key_mas_setText_contact_name" value="-15400446" />
    <int name="date_right_color" value="-6525483" />
    <string name="jamm">0</string>
    <string name="abu_saleh_toast_status_gv">0</string>
    <boolean name="NameProf" value="false" />
    <boolean name="ModChatEmojiColor_Gactive" value="false" />
    <boolean name="ModChatBtnColor_Gactive" value="false" />
    <boolean name="key_mstell" value="true" />
    <int name="quickText" value="-1" />
    <int name="key_msnewscar_GOrient" value="0" />
    <boolean name="ModChaSendBKColor_Gactive" value="false" />
    <int name="key_msnewbottom" value="-3238952" />
    <boolean name="tittle_center" value="false" />
    <boolean name="pagetitle_sel_picker_Gactive" value="false" />
    <int name="quoted_bg_picker_GC" value="-131587" />
    <boolean name="abu_saleh_toast_online_view" value="true" />
    <boolean name="yo_want_airplanemode" value="false" />
    <string name="x_anim_style">0</string>
    <boolean name="key_hide_scrolldown" value="false" />
    <int name="ModDarkConPickColor" value="-1920001" />
    <boolean name="yo_multi_account_menu" value="false" />
    <int name="ModConTextColor" value="-1" />
    <int name="key_msnews_GOrient" value="0" />
    <boolean name="disableDTTL" value="false" />
    <boolean name="key_with_thumb" value="false" />
    <string name="papan">18</string>
    <int name="abu_saleh_toast_typing_rd" value="23" />
    <boolean name="yo_want_toolbar_camV2" value="false" />
    <string name="jaaam2">0</string>
    <string name="tabb">0</string>
    <int name="BGColor_GCDir" value="0" />
    <boolean name="PicProf" value="false" />
    <int name="key_msnewscar" value="-1711276033" />
    <boolean name="abu_saleh_toast_status_el" value="false" />
    <boolean name="key_msnewstab_Gactive" value="true" />
    <boolean name="key_msbb003" value="true" />
    <boolean name="SeenColor_Gactive" value="false" />
    <boolean name="btn_voice_color_chat_picker_Gactive" value="false" />
    <boolean name="key_updown_iconcolor_check" value="true" />
    <int name="abu_saleh_toast_typing_bc" value="-27427" />
    <int name="ModConPickColor_GCDir" value="0" />
    <string name="key_custom_icondown">0</string>
    <boolean name="ModChatColor_Gactive" value="true" />
    <string name="bubble_style">line</string>
    <int name="ModChatBtnColor" value="-6525483" />
    <boolean name="key_counter_bg_Gactive" value="false" />
    <boolean name="ModChatLeftBubble_Gactive" value="false" />
    <int name="ModChatColor_GCDir" value="0" />
    <boolean name="abu_saleh_key_fab_caht" value="false" />
    <int name="ModDarkConPickColor_GOrient" value="0" />
    <boolean name="HomeCounterText_Gactive" value="false" />
    <int name="date_left_color" value="-6525483" />
    <boolean name="abu_saleh_toast_online_el" value="false" />
    <boolean name="ModDarkConPickColor_Gactive" value="false" />
    <boolean name="ModChatBubbleText_Gactive" value="false" />
    <int name="seekbar_color_chat_picker" value="-529409" />
    <int name="ModFabPressedColor" value="-4560696" />
    <boolean name="key_msnewscar_Gactive" value="true" />
    <boolean name="Up_size_limit" value="false" />
    <string name="abu_saleh_toast_profile_gv">0</string>
    <boolean name="abu9aleh_status_audio" value="false" />
    <int name="statuses_bar_bg_picker" value="-1257473" />
    <int name="quoted_name_picker" value="-1" />
    <int name="ModChatGStatusB" value="-1948077057" />
    <boolean name="key_msnewshader_Gactive" value="false" />
    <int name="HomeBarText" value="-529409" />
    <boolean name="key_msnewbottom_check" value="true" />
    <boolean name="imsHideRStatus" value="false" />
    <int name="ModChatGStatusT" value="-16777216" />
    <boolean name="tittle_bold" value="false" />
    <string name="abu_saleh_toast_typing_gv">0</string>
    <boolean name="abu_saleh_toast_profile_view" value="false" />
    <boolean name="on_shadow_text" value="false" />
    <boolean name="key_reggC" value="true" />
    <int name="statuses_bar_text_picker" value="-16777216" />
    <boolean name="isSwipeEnabledV2" value="false" />
    <boolean name="key_header" value="false" />
    <boolean name="Hide_contact_picker_section_other_contacts" value="false" />
    <int name="fab_rounded_key" value="12" />
    <string name="menit">0</string>
    <boolean name="hide_custom" value="true" />
    <boolean name="seekbar_color_chat_picker_Gactive" value="false" />
    <boolean name="enable_ig_stories" value="true" />
    <int name="ModConPickColor" value="-1948077057" />
    <boolean name="abu_saleh_toast_profile_tc_check" value="true" />
    <boolean name="admin_abosaleh" value="false" />
    <string name="key_group_icon">6</string>
    <string name="key_story_view">0</string>
    <boolean name="read_more" value="false" />
    <string name="abu_saleh_quickcontact">0</string>
    <boolean name="abu_saleh_toast_typing_el" value="false" />
    <int name="key_mas_setBackground_quick" value="-1257473" />
    <boolean name="key_more_docs_send" value="true" />
    <string name="bubble_dimen">0</string>
    <boolean name="date_left_color_Gactive" value="false" />
    <boolean name="rvkdmsg_icon_color_Gactive" value="false" />
    <boolean name="Nuevo_EstiloEmoji" value="true" />
    <boolean name="yo_want_nightmode" value="false" />
    <int name="ModConColor_GCDir" value="0" />
    <boolean name="key_updown_bgcolor_check" value="true" />
    <string name="abu_saleh_toast_online_gv">0</string>
    <int name="quickBK" value="-14833055" />
    <boolean name="UnSeenColor_Gactive" value="false" />
    <boolean name="abu_saleh_hide_community_icon" value="false" />
    <boolean name="key_mas_setBackground_quick_Gactive" value="true" />
    <int name="key_msnewscar2" value="12" />
    <boolean name="abu_saleh_toast_typing_tc_check" value="true" />
    <int name="key_msnewscar1" value="-6525483" />
    <boolean name="custom_wall" value="false" />
    <boolean name="ModChatBubbleTextLeft_Gactive" value="false" />
    <boolean name="ModChatEntry_Gactive" value="false" />
    <boolean name="elapsed_time" value="false" />
    <boolean name="abu_saleh_hide_list" value="true" />
    <int name="btn_voice_color_chat_picker" value="-131587" />
    <string name="key_calls_icon">12</string>
    <boolean name="abu9aleh_media_video_player" value="false" />
    <int name="key_updown_bgcolor" value="-6525483" />
    <int name="key_msnewscar4" value="1" />
    <boolean name="ModFabNormalColor_Gactive" value="false" />
    <boolean name="Audio_ears" value="false" />
    <int name="ModChatEntry" value="-131587" />
    <string name="x_channelrow_fix">1</string>
    <int name="square_photo_ratio_picker" value="100" />
    <boolean name="statuses_bar_bg_picker_Gactive" value="true" />
    <int name="ModChatTextColor" value="-6525483" />
    <boolean name="key_regg" value="true" />
    <string name="key_status_ui">0</string>
    <string name="hazar_bozkurt_sesler_gidenmesaj">0</string>
    <string name="key_dial1">0</string>
    <string name="key_dial2">0</string>
    <string name="jamm2">0</string>
    <string name="jamm1">0</string>
    <int name="ModConColor_GC" value="-1140850688" />
    <boolean name="key_headerNA" value="true" />
    <boolean name="key_headerNB" value="true" />
    <int name="SeenColor" value="-131587" />
</map>
