<?xml version='1.0' encoding='utf-8' standalone='yes' ?>
<map>
    <int name="quoted_text_picker" value="-56672" />
    <int name="tittle_size" value="20" />
    <boolean name="disable_hiddenchat_access" value="false" />
    <boolean name="my_statusd" value="true" />
    <boolean name="imsHideVStatus" value="false" />
    <boolean name="abu_saleh_toast_profile_cs" value="true" />
    <int name="key_updown_iconcolor" value="-56672" />
    <boolean name="date_bubble_color_picker_Gactive" value="false" />
    <boolean name="ModFabTextColor_Gactive" value="false" />
    <boolean name="Conv_call_btn" value="false" />
    <int name="key_mas_border_avatar_quick_contact" value="-17180" />
    <string name="lxwa_calls_style">6</string>
    <boolean name="key_hide_unsaved_num" value="false" />
    <boolean name="HomeBarText_Gactive" value="false" />
    <int name="intensitasshatrs" value="5" />
    <int name="key_dwh_size_row" value="78" />
    <int name="ConvoBack" value="-11030" />
    <boolean name="abu_saleh_toast_profile_el" value="true" />
    <boolean name="onlinechat" value="false" />
    <boolean name="enable_fivminstatus" value="true" />
    <string name="key_edit_hidden_msg">!!MENSAGEM OCULTA!!</string>
    <string name="convostyle">1</string>
    <boolean name="key_tt" value="false" />
    <int name="HomeCounterBK" value="-11030" />
    <string name="key_chats_icon">4</string>
    <int name="ModChatBubbleTextLeft" value="-56672" />
    <boolean name="enable_grp_separationV2" value="true" />
    <int name="quoted_divider_picker" value="-11030" />
    <boolean name="Abu_Saleh_Previewbtn" value="false" />
    <boolean name="abu_saleh_toast_online_cs" value="true" />
    <int name="ModFabTextColor" value="-56672" />
    <boolean name="key_counter_tx_Gactive" value="false" />
    <int name="list_bg_color" value="-56672" />
    <boolean name="ModConTextColor_Gactive" value="false" />
    <boolean name="key_msfab" value="false" />
    <boolean name="abu_saleh_toast_status_view" value="true" />
    <boolean name="yo_hideinfo" value="true" />
    <string name="animation_drawable">6</string>
    <boolean name="key_msnews_check" value="true" />
    <string name="ppsf">19</string>
    <boolean name="tabadgeBKColor_Gactive" value="false" />
    <boolean name="arch_chats_top" value="false" />
    <boolean name="quickBK_check" value="true" />
    <boolean name="abu_saleh_research" value="false" />
    <string name="key_community_icon">1</string>
    <boolean name="onlineDotchat" value="false" />
    <int name="ModChatBubbleHyperlinks" value="-56672" />
    <boolean name="yo_nicon_color_Gactive" value="false" />
    <int name="ModlastseenColor" value="-56672" />
    <boolean name="abu_saleh_image_quality" value="false" />
    <boolean name="Hide_contact_picker_section_frequent_chats" value="false" />
    <boolean name="status_wantsendconfirmation" value="false" />
    <int name="ModDarkConPickColorNav" value="-11030" />
    <int name="key_msnewstab2" value="12" />
    <int name="key_msnewstab1" value="-17180" />
    <int name="abu_saleh_toast_online_bc" value="-11030" />
    <int name="quoted_bg_picker" value="-11030" />
    <boolean name="on_anim" value="false" />
    <boolean name="abu_saleh_toast_typing_view" value="true" />
    <boolean name="hide_perfil" value="false" />
    <boolean name="statuschat" value="false" />
    <int name="sub_tittle_size" value="10" />
    <boolean name="ModDarkConPickColorNav_Gactive" value="false" />
    <int name="key_counter_bg" value="-11030" />
    <boolean name="key_msnews_Gactive" value="false" />
    <int name="ModChatColor" value="-11030" />
    <boolean name="hide_translation_icon" value="true" />
    <int name="abu_saleh_toast_status_bc" value="-11030" />
    <boolean name="HomeCounterBK_Gactive" value="false" />
    <int name="key_mas_icon_quickcontact" value="-56672" />
    <boolean name="key_mstext" value="true" />
    <boolean name="abu_saleh_toast_status_cs" value="true" />
    <boolean name="ModWdgTitleColor_Gactive" value="false" />
    <boolean name="date_right_color_Gactive" value="false" />
    <boolean name="quickText_check" value="true" />
    <boolean name="abo_saleh_audio_limit_check" value="true" />
    <string name="key_custom_iconup">0</string>
    <boolean name="key_grsHeader" value="true" />
    <string name="ic_attachment_galery">0</string>
    <boolean name="Img_share_limit" value="true" />
    <boolean name="hide_fab" value="false" />
    <boolean name="ModChatGStatusT_Gactive" value="false" />
    <string name="ui_bottom_style">ios</string>
    <boolean name="my_name" value="true" />
    <int name="pagetitle_picker" value="-56672" />
    <boolean name="TxtSelect" value="true" />
    <int name="abu_saleh_toast_profile_bc" value="-11030" />
    <int name="yo_nicon_color" value="-38458" />
    <boolean name="key_botPP" value="false" />
    <boolean name="hide_action_a" value="false" />
    <boolean name="hide_action_b" value="false" />
    <boolean name="key_meler1" value="true" />
    <boolean name="ConvoBack_Gactive" value="false" />
    <string name="x_ptt_start_record">0</string>
    <boolean name="abu_saleh_toast_typing_bc_Gactive" value="false" />
    <int name="key_dwh_size_banner" value="220" />
    <boolean name="key_name_stories_Gactive" value="false" />
    <boolean name="quoted_text_picker_Gactive" value="false" />
    <boolean name="crotation" value="true" />
    <boolean name="statuses_bar_text_picker_Gactive" value="false" />
    <boolean name="key_comun" value="true" />
    <int name="text_size_pick" value="14" />
    <string name="key_chat_animation">0</string>
    <boolean name="key_updown_bgcolor_Gactive" value="false" />
    <string name="key_quick_position">top</string>
    <boolean name="desativarvideodaconversa" value="true" />
    <boolean name="quoted_bg_picker_Gactive" value="false" />
    <string name="menit2">0</string>
    <boolean name="hide_action_s" value="false" />
    <int name="ModFabNormalColor" value="-11030" />
    <string name="menit1">0</string>
    <boolean name="hide_action_l" value="false" />
    <boolean name="hide_action_m" value="false" />
    <boolean name="ModWdgStatusColor_Gactive" value="false" />
    <string name="key_admicon_list">0</string>
    <int name="abu_saleh_toast_typing_tc" value="-56672" />
    <int name="UnSeenColor" value="-56672" />
    <boolean name="abu_saleh_toast_online_bc_check" value="true" />
    <int name="date_right_color" value="-56672" />
    <string name="jamm">0</string>
    <int name="intensitas" value="5" />
    <string name="abu_saleh_toast_status_gv">0</string>
    <boolean name="NameProf" value="false" />
    <boolean name="emojipopup_body_Gactive" value="false" />
    <boolean name="key_chilexs003" value="false" />
    <int name="quickText" value="-56672" />
    <boolean name="ModChaSendBKColor_Gactive" value="false" />
    <boolean name="key_snow_chats" value="false" />
    <boolean name="tittle_center" value="false" />
    <boolean name="pagetitle_sel_picker_Gactive" value="false" />
    <int name="ModDarkConPickColor" value="-17180" />
    <boolean name="key_hide_scrolldown" value="false" />
    <string name="ic_attachment_cam">0</string>
    <boolean name="chat_mypicV2" value="false" />
    <int name="ModConTextColor" value="-47156" />
    <boolean name="key_with_thumb" value="true" />
    <boolean name="disableDTTL" value="false" />
    <int name="abu_saleh_toast_typing_rd" value="23" />
    <string name="jaaam2">0</string>
    <boolean name="date_divider_color_picker_Gactive" value="false" />
    <boolean name="abu_saleh_toast_status_el" value="true" />
    <boolean name="ocutar_criar_link_de_chamada" value="false" />
    <boolean name="SeenColor_Gactive" value="false" />
    <boolean name="btn_voice_color_chat_picker_Gactive" value="false" />
    <string name="lxwa_barsearch_style">6</string>
    <int name="ModChatBtnColor" value="-56672" />
    <boolean name="Hussein_DisableEstiloEmoji" value="true" />
    <boolean name="key_counter_bg_Gactive" value="false" />
    <boolean name="ModChatLeftBubble_Gactive" value="false" />
    <boolean name="abu_saleh_key_fab_caht" value="true" />
    <boolean name="abu_saleh_toast_online_el" value="true" />
    <boolean name="ModDarkConPickColor_Gactive" value="false" />
    <boolean name="ModChatBubbleText_Gactive" value="false" />
    <int name="date_bubble_color_picker" value="-17180" />
    <int name="seekbar_color_chat_picker" value="-17180" />
    <boolean name="key_msnewscar_Gactive" value="false" />
    <int name="ModFabPressedColor" value="-56672" />
    <int name="statuses_bar_bg_picker" value="-11030" />
    <int name="ModChatGStatusB" value="-11015" />
    <int name="emojipopup_header" value="-17180" />
    <boolean name="emojipopup_icons_Gactive" value="false" />
    <int name="HomeBarText" value="-56672" />
    <boolean name="imsHideRStatus" value="false" />
    <int name="ModChatGStatusT" value="-56672" />
    <boolean name="tittle_bold" value="false" />
    <boolean name="abu_saleh_toast_profile_view" value="true" />
    <int name="statuses_bar_text_picker" value="-56672" />
    <boolean name="abu_saleh_toast_status_bc_check" value="true" />
    <boolean name="ModHomeMentionIndBackground_Gactive" value="false" />
    <string name="ic_attachment_location">0</string>
    <boolean name="isSwipeEnabledV2" value="false" />
    <boolean name="seekbar_color_chat_picker_Gactive" value="false" />
    <boolean name="abu_saleh_toast_profile_tc_check" value="true" />
    <boolean name="admin_abosaleh" value="false" />
    <boolean name="mschats2" value="true" />
    <string name="key_group_icon">7</string>
    <boolean name="mschats1" value="true" />
    <boolean name="read_more" value="false" />
    <string name="abu_saleh_quickcontact">1</string>
    <int name="key_mas_setBackground_quick" value="-11030" />
    <boolean name="Nuevo_EstiloEmoji" value="true" />
    <boolean name="yo_want_nightmode" value="false" />
    <boolean name="key_updown_bgcolor_check" value="true" />
    <string name="abu_saleh_toast_online_gv">0</string>
    <int name="quickBK" value="-11030" />
    <boolean name="abu_saleh_hide_community_icon" value="false" />
    <boolean name="abu_saleh_toast_typing_tc_check" value="true" />
    <boolean name="abu_saleh_toast_profile_bc_Gactive" value="false" />
    <boolean name="ModChatBubbleTextLeft_Gactive" value="false" />
    <boolean name="ModChatEntry_Gactive" value="false" />
    <boolean name="abu9aleh_media_video_player" value="false" />
    <boolean name="ModFabNormalColor_Gactive" value="false" />
    <int name="participant_name_color_picker" value="-56672" />
    <string name="key_pager_animation">0</string>
    <boolean name="Audio_ears" value="false" />
    <int name="ModChatEntry" value="-11030" />
    <int name="square_photo_ratio_picker" value="100" />
    <boolean name="statuses_bar_bg_picker_Gactive" value="false" />
    <boolean name="key_regg" value="true" />
    <string name="hazar_bozkurt_sesler_gidenmesaj">0</string>
    <string name="key_dial1">7</string>
    <boolean name="ModChatBubbleHyperlinks_Gactive" value="false" />
    <boolean name="mesaj_sifreleme_etkin" value="false" />
    <string name="key_dial2">0</string>
    <string name="ic_attachment_contact">0</string>
    <int name="SeenColor" value="-11030" />
    <int name="ModOnlineColor" value="-56672" />
    <boolean name="abu_saleh_status_and_photo" value="true" />
    <int name="key_msnews1" value="-56672" />
    <int name="ModChaSendBKColor" value="-11030" />
    <int name="key_msnews2" value="12" />
    <string name="x_statusesrow_fix">1</string>
    <boolean name="abu_saleh_toast_typing_bc_check" value="true" />
    <int name="abu_saleh_toast_profile_tc" value="-56672" />
    <int name="abu_saleh_toast_online_rd" value="23" />
    <boolean name="ModContactNameColor_Gactive" value="false" />
    <boolean name="newAttach_BottomDesign" value="false" />
    <string name="animation_drawableshatssss">6</string>
    <boolean name="Hide_div" value="false" />
    <boolean name="quickBK_Gactive" value="false" />
    <boolean name="yo_want_ghostmode" value="false" />
    <boolean name="key_mas_hide_archive_home" value="true" />
    <boolean name="list_bg_color_Gactive" value="false" />
    <int name="ModWdgTitleColor" value="-38458" />
    <string name="key_status_icon">8</string>
    <boolean name="abu_saleh_toast_online_bc_Gactive" value="false" />
    <string name="pp0">19</string>
    <boolean name="abu_saleh_forward_tovoice" value="false" />
    <string name="lxwa_listcontacts_style">6</string>
    <string name="detik1">0</string>
    <string name="detik2">0</string>
    <string name="ui_home_styleV3">ios</string>
    <int name="key_msnews" value="-11030" />
    <boolean name="abu_saleh_toast_status_tc_check" value="true" />
    <int name="ModHomeMentionIconColor" value="-56672" />
    <boolean name="chat_contactpicV2" value="false" />
    <int name="abu_saleh_toast_online_tc" value="-56672" />
    <boolean name="bubble_more_options_dlg" value="true" />
    <int name="mas_lingkaran_kontak2" value="-11030" />
    <int name="mas_lingkaran_kontak3" value="-11030" />
    <int name="ModConBackColor" value="-11030" />
    <boolean name="hide_action_mas" value="false" />
    <string name="ic_attachment_bg">0</string>
    <boolean name="key_msnewscar_check" value="true" />
    <boolean name="key_method_endgp" value="false" />
    <boolean name="Hide_contact_picker_section_recent_chats" value="false" />
    <int name="key_counter_tx" value="-56672" />
    <boolean name="abosaleh_mention_member" value="false" />
    <int name="HomeCounterText" value="-56672" />
    <boolean name="key_mas_setBackground_quick_check" value="true" />
    <boolean name="direkt_link_degistir" value="false" />
    <boolean name="x_x" value="true" />
    <string name="pps">19</string>
    <int name="BGColor" value="-17180" />
    <boolean name="enable_statuspage_extras" value="true" />
    <boolean name="key_msnewstab_check" value="true" />
    <boolean name="hrotation" value="true" />
    <int name="speedshats" value="10" />
    <boolean name="pagetitle_picker_Gactive" value="false" />
    <boolean name="banner_clock" value="true" />
    <boolean name="abu_saleh_play_voice_note" value="false" />
    <boolean name="quoted_divider_picker_Gactive" value="false" />
    <int name="ModChatEmojiColor" value="-56672" />
    <boolean name="ModChaSendColor_Gactive" value="false" />
    <int name="ModChaSendColor" value="-56672" />
    <int name="pagetitle_sel_picker" value="-56672" />
    <boolean name="key_send_hidden_msg" value="false" />
    <boolean name="onlineDotchatColor_Gactive" value="false" />
    <int name="tabadgeBKColor" value="-11030" />
    <string name="lxwa_status_style">6</string>
    <boolean name="emojipopup_header_Gactive" value="false" />
    <boolean name="home_imgBK" value="true" />
    <boolean name="quoted_name_picker_Gactive" value="false" />
    <int name="abu_saleh_toast_status_tc" value="-56672" />
    <boolean name="custom_wall_profilepic" value="false" />
    <boolean name="stkr_wantsendconfirmation" value="false" />
    <int name="tabadgeTextColor" value="-56672" />
    <string name="ConvoEntry">7</string>
    <int name="ModConColor" value="-11030" />
    <string name="x_callsrow_fix">1</string>
    <string name="ic_attachment_poll">0</string>
    <string name="tick_style">colorsimple</string>
    <string name="ic_attachment_device">0</string>
    <int name="abu_saleh_toast_profile_rd" value="23" />
    <boolean name="key_hide_scrollup" value="false" />
    <boolean name="ModDarkConPickColor_check" value="true" />
    <int name="tabindicator" value="-38458" />
    <boolean name="imsHideMStatus" value="false" />
    <boolean name="ModChatTextColor_Gactive" value="false" />
    <int name="speed" value="10" />
    <boolean name="key_quick_view" value="false" />
    <int name="mas_latarkontak2" value="-11030" />
    <int name="BGColor_GC" value="-16777216" />
    <boolean name="PicHead" value="false" />
    <boolean name="ModFabPressedColor_Gactive" value="false" />
    <string name="inconvo_trans_option">in-y</string>
    <boolean name="Set_Joun_Name" value="false" />
    <int name="abu_saleh_toast_status_rd" value="23" />
    <boolean name="ModConPickColor_Gactive" value="false" />
    <string name="HomeEntry">xwa11</string>
    <string name="mas_cozumleme_parolasi">12345</string>
    <string name="hazar_bozkurt_sesler_gelenmesaj">0</string>
    <int name="date_divider_color_picker" value="-56672" />
    <int name="main_text" value="17" />
    <boolean name="ModChatRightBubble_Gactive" value="false" />
    <boolean name="ModConColor_Gactive" value="false" />
    <string name="ic_attachment_event">0</string>
    <int name="key_name_stories" value="-56672" />
    <int name="ModChatBubbleText" value="-56672" />
    <int name="rvkdmsg_icon_color" value="-56672" />
    <boolean name="ModDarkConPickColorNav_check" value="true" />
    <boolean name="hide_banner" value="false" />
    <boolean name="ModChatGStatusB_Gactive" value="false" />
    <boolean name="On_Of_Gif_Wallpaper" value="true" />
    <int name="emojipopup_icons" value="-56672" />
    <int name="ModContactNameColor" value="-47156" />
    <boolean name="Audio_sensor" value="true" />
    <boolean name="MasOption" value="false" />
    <boolean name="abu_saleh_toast_typing_cs" value="true" />
    <int name="key_msnewstab" value="-11030" />
    <boolean name="abu_saleh_toast_online_tc_check" value="true" />
    <boolean name="tabadgeTextColor_Gactive" value="false" />
    <int name="key_mas_setText_contact_name" value="-56672" />
    <boolean name="BGColor_Gactive" value="false" />
    <int name="emojipopup_body" value="-17180" />
    <boolean name="ModChatEmojiColor_Gactive" value="false" />
    <boolean name="ModChatBtnColor_Gactive" value="false" />
    <int name="ModChatRightBubble" value="-11030" />
    <boolean name="SoolctAll" value="false" />
    <boolean name="ModHomeMentionIconColor_Gactive" value="false" />
    <boolean name="Joun_About" value="false" />
    <string name="lxwa_channel_style">6</string>
    <int name="ModChatLeftBubble" value="-11030" />
    <boolean name="key_snow_home" value="false" />
    <boolean name="abu_saleh_toast_online_view" value="true" />
    <boolean name="yo_want_airplanemode" value="false" />
    <string name="x_anim_style">0</string>
    <boolean name="yo_multi_account_menu" value="false" />
    <string name="ic_attachment_documents">0</string>
    <string name="papan">0</string>
    <boolean name="yo_want_toolbar_camV2" value="false" />
    <boolean name="ModOnlineColor_Gactive" value="false" />
    <string name="tabb">24</string>
    <boolean name="PicProf" value="false" />
    <int name="BGColor_GCDir" value="0" />
    <int name="key_msnewscar" value="-11030" />
    <boolean name="key_msnewstab_Gactive" value="false" />
    <boolean name="key_msbb003" value="false" />
    <boolean name="key_updown_iconcolor_check" value="true" />
    <string name="ic_attachment_ia">0</string>
    <int name="abu_saleh_toast_typing_bc" value="-11030" />
    <string name="key_custom_icondown">0</string>
    <boolean name="ModChatColor_Gactive" value="false" />
    <string name="bubble_style">kitty</string>
    <string name="ic_attachment_pix">0</string>
    <string name="yx_style_heart">40</string>
    <boolean name="pic_inside" value="false" />
    <boolean name="HomeCounterText_Gactive" value="false" />
    <int name="date_left_color" value="-56672" />
    <string name="key_chats_listanimation">0</string>
    <boolean name="Up_size_limit" value="false" />
    <string name="abu_saleh_toast_profile_gv">0</string>
    <boolean name="abu9aleh_status_audio" value="true" />
    <int name="quoted_name_picker" value="-56672" />
    <string name="abu_saleh_toast_typing_gv">0</string>
    <boolean name="tabindicator_Gactive" value="false" />
    <boolean name="on_shadow_text" value="false" />
    <boolean name="key_header" value="true" />
    <boolean name="Hide_contact_picker_section_other_contacts" value="false" />
    <int name="ModWdgStatusColor" value="-38458" />
    <string name="x_sound_incoming">0</string>
    <string name="menit">0</string>
    <boolean name="hide_custom" value="true" />
    <boolean name="mstela2" value="true" />
    <boolean name="enable_ig_stories" value="true" />
    <int name="ModConPickColor" value="-11030" />
    <boolean name="mstela1" value="true" />
    <boolean name="hussein_Magnifying_glass" value="true" />
    <boolean name="abu_saleh_toast_status_bc_Gactive" value="false" />
    <boolean name="abu_saleh_toast_profile_bc_check" value="true" />
    <string name="key_story_view">1</string>
    <boolean name="abu_saleh_toast_typing_el" value="true" />
    <boolean name="key_more_docs_send" value="true" />
    <string name="bubble_dimen">0</string>
    <boolean name="date_left_color_Gactive" value="false" />
    <boolean name="rvkdmsg_icon_color_Gactive" value="false" />
    <boolean name="desativervideodaconversas" value="true" />
    <boolean name="UnSeenColor_Gactive" value="false" />
    <boolean name="ModConBackColor_Gactive" value="false" />
    <boolean name="key_mas_setBackground_quick_Gactive" value="false" />
    <int name="key_msnewscar2" value="12" />
    <int name="key_msnewscar1" value="-56672" />
    <int name="pic_chat_size_pickerV2" value="40" />
    <boolean name="custom_wall" value="false" />
    <boolean name="elapsed_time" value="false" />
    <boolean name="abu_saleh_hide_list" value="true" />
    <int name="btn_voice_color_chat_picker" value="-56672" />
    <string name="key_calls_icon">13</string>
    <boolean name="ModlastseenColor_Gactive" value="false" />
    <int name="onlineDotchatColor" value="-56672" />
    <int name="ModHomeMentionIndBackground" value="-11030" />
    <int name="key_updown_bgcolor" value="-11030" />
    <string name="x_sound_send_message">0</string>
    <string name="x_channelrow_fix">1</string>
    <boolean name="key_msimg" value="true" />
    <int name="ModWdgBKColor" value="-16922" />
    <int name="ModChatTextColor" value="-56672" />
    <string name="x_ptt_stop_record">0</string>
    <boolean name="ModWdgBKColor_Gactive" value="false" />
    <boolean name="participant_name_color_picker_Gactive" value="false" />
    <string name="ic_attachment_audio">0</string>
    <string name="jamm2">0</string>
    <string name="jamm1">0</string>
</map>
