<?xml version='1.0' encoding='utf-8' standalone='yes' ?>
<map>
    <boolean name="abu_saleh_status_and_photo" value="true" />
    <int name="ModChaSendBKColor" value="-1668191" />
    <string name="x_statusesrow_fix">13</string>
    <int name="quoted_text_picker" value="-16777216" />
    <int name="tittle_size" value="20" />
    <boolean name="disable_hiddenchat_access" value="false" />
    <boolean name="my_statusd" value="false" />
    <boolean name="imsHideVStatus" value="false" />
    <int name="key_updown_iconcolor" value="-1" />
    <boolean name="ModContactNameColor_Gactive" value="false" />
    <boolean name="date_bubble_color_picker_Gactive" value="false" />
    <boolean name="newAttach_BottomDesign" value="false" />
    <boolean name="Conv_call_btn" value="false" />
    <boolean name="ModFabTextColor_Gactive" value="false" />
    <boolean name="Hide_div" value="false" />
    <boolean name="quickBK_Gactive" value="false" />
    <boolean name="yo_want_ghostmode" value="true" />
    <int name="key_mas_border_avatar_quick_contact" value="-1668191" />
    <boolean name="key_mas_hide_archive_home" value="true" />
    <boolean name="key_hide_unsaved_num" value="false" />
    <boolean name="HomeBarText_Gactive" value="false" />
    <boolean name="list_bg_color_Gactive" value="false" />
    <boolean name="MetaAI" value="false" />
    <int name="key_dwh_size_row" value="93" />
    <string name="key_status_icon">0</string>
    <string name="pp0">16</string>
    <boolean name="abu_saleh_forward_tovoice" value="false" />
    <int name="ConvoBack" value="-995628" />
    <boolean name="onlinechat" value="false" />
    <string name="detik2">0</string>
    <boolean name="enable_fivminstatus" value="true" />
    <string name="ui_home_styleV3">ios</string>
    <boolean name="key_tt" value="true" />
    <string name="key_edit_hidden_msg">!!MENSAGEM OCULTA!!</string>
    <int name="HomeCounterBK" value="-1668191" />
    <string name="key_chats_icon">0</string>
    <int name="ModChatBubbleTextLeft" value="-16777216" />
    <int name="ModHomeMentionIconColor" value="-1" />
    <boolean name="enable_grp_separationV2" value="true" />
    <int name="quoted_divider_picker" value="-1668191" />
    <int name="ModFabTextColor" value="-1" />
    <boolean name="key_counter_tx_Gactive" value="false" />
    <boolean name="Fake_chat_real" value="false" />
    <int name="list_bg_color" value="-995628" />
    <boolean name="bubble_more_options_dlg" value="false" />
    <boolean name="ModConTextColor_Gactive" value="false" />
    <int name="mas_lingkaran_kontak2" value="-1668191" />
    <int name="mas_lingkaran_kontak3" value="-1668191" />
    <int name="ModConBackColor" value="-995628" />
    <boolean name="hide_action_mas" value="false" />
    <boolean name="key_msnewscar_check" value="true" />
    <boolean name="key_method_endgp" value="false" />
    <boolean name="yo_hideinfo" value="true" />
    <boolean name="Hide_contact_picker_section_recent_chats" value="false" />
    <int name="key_counter_tx" value="-1" />
    <boolean name="abosaleh_mention_member" value="false" />
    <int name="HomeCounterText" value="-1" />
    <boolean name="key_mas_setBackground_quick_check" value="true" />
    <boolean name="direkt_link_degistir" value="false" />
    <string name="ppsf">16</string>
    <boolean name="tabadgeBKColor_Gactive" value="false" />
    <boolean name="arch_chats_top" value="true" />
    <int name="key_msnewshader" value="-995628" />
    <boolean name="quickBK_check" value="true" />
    <boolean name="abu_saleh_research" value="false" />
    <boolean name="onlineDotchat" value="true" />
    <string name="key_community_icon">0</string>
    <int name="ModChatBubbleHyperlinks" value="-16777216" />
    <string name="pps">16</string>
    <int name="ModlastseenColor" value="-16777216" />
    <boolean name="key_hide_wallpaper_convo_view" value="true" />
    <boolean name="Hide_contact_picker_section_frequent_chats" value="false" />
    <boolean name="status_wantsendconfirmation" value="true" />
    <int name="ModDarkConPickColorNav" value="-995628" />
    <int name="key_msnewstab2" value="12" />
    <boolean name="enable_statuspage_extras" value="true" />
    <boolean name="on_anim" value="false" />
    <int name="ModChatGStatusB_GCDir" value="0" />
    <boolean name="pagetitle_picker_Gactive" value="false" />
    <boolean name="banner_clock" value="true" />
    <boolean name="statuschat" value="false" />
    <boolean name="abu_saleh_play_voice_note" value="false" />
    <boolean name="quoted_divider_picker_Gactive" value="false" />
    <boolean name="multiChats" value="false" />
    <int name="sub_tittle_size" value="10" />
    <int name="ModChatEmojiColor" value="-16777216" />
    <boolean name="ModChaSendColor_Gactive" value="false" />
    <int name="ModChaSendColor" value="-16777216" />
    <int name="pagetitle_sel_picker" value="-16777216" />
    <boolean name="ModDarkConPickColorNav_Gactive" value="false" />
    <int name="key_counter_bg" value="-1668191" />
    <boolean name="key_send_hidden_msg" value="false" />
    <int name="ModChatColor" value="-995628" />
    <boolean name="hide_translation_icon" value="false" />
    <int name="tabadgeBKColor" value="-1668191" />
    <boolean name="emojipopup_header_Gactive" value="false" />
    <boolean name="HomeCounterBK_Gactive" value="false" />
    <boolean name="home_imgBK" value="false" />
    <boolean name="quoted_name_picker_Gactive" value="false" />
    <int name="key_mas_icon_quickcontact" value="-16777216" />
    <boolean name="custom_wall_profilepic" value="false" />
    <boolean name="stkr_wantsendconfirmation" value="true" />
    <boolean name="date_right_color_Gactive" value="false" />
    <boolean name="quickText_check" value="true" />
    <int name="tabadgeTextColor" value="-1" />
    <string name="ConvoEntry">7</string>
    <int name="ModConColor" value="-995628" />
    <boolean name="key_grsHeader" value="true" />
    <string name="key_custom_iconup">0</string>
    <string name="x_callsrow_fix">13</string>
    <int name="key_msnewscar_GC" value="-1668191" />
    <string name="tick_style">love</string>
    <boolean name="hide_fab" value="false" />
    <boolean name="ModChatGStatusT_Gactive" value="false" />
    <boolean name="key_hide_scrollup" value="false" />
    <boolean name="ModDarkConPickColor_check" value="true" />
    <boolean name="imsHideMStatus" value="false" />
    <boolean name="ModChatTextColor_Gactive" value="false" />
    <string name="ui_bottom_style">ios</string>
    <boolean name="key_quick_view" value="false" />
    <boolean name="my_name" value="false" />
    <int name="mas_latarkontak2" value="-995628" />
    <int name="pagetitle_picker" value="-16777216" />
    <boolean name="TxtSelect" value="true" />
    <int name="ModChatGStatusB_GC" value="-995628" />
    <boolean name="PicHead" value="false" />
    <boolean name="key_botPP" value="false" />
    <boolean name="hide_action_a" value="false" />
    <boolean name="hide_action_b" value="false" />
    <boolean name="ModFabPressedColor_Gactive" value="false" />
    <boolean name="key_meler1" value="true" />
    <string name="inconvo_trans_option">in-y</string>
    <boolean name="ConvoBack_Gactive" value="false" />
    <boolean name="key_msnewshader_check" value="true" />
    <boolean name="key_name_stories_Gactive" value="false" />
    <boolean name="quoted_text_picker_Gactive" value="false" />
    <boolean name="ModConPickColor_Gactive" value="false" />
    <string name="HomeEntry">xwa12</string>
    <boolean name="statuses_bar_text_picker_Gactive" value="false" />
    <int name="date_divider_color_picker" value="-16777216" />
    <int name="main_text" value="17" />
    <boolean name="key_comun" value="true" />
    <boolean name="ModConColor_Gactive" value="false" />
    <int name="text_size_pick" value="16" />
    <int name="key_name_stories" value="-16777216" />
    <int name="ModChatBubbleText" value="-16777216" />
    <int name="rvkdmsg_icon_color" value="-1668191" />
    <string name="key_chat_animation">0</string>
    <boolean name="ModDarkConPickColorNav_check" value="true" />
    <boolean name="hide_banner" value="false" />
    <boolean name="key_updown_bgcolor_Gactive" value="false" />
    <string name="key_quick_position">top</string>
    <boolean name="ModChatGStatusB_Gactive" value="true" />
    <int name="emojipopup_icons" value="-16777216" />
    <string name="menit2">0</string>
    <boolean name="hide_action_s" value="false" />
    <int name="ModFabNormalColor" value="-1668191" />
    <boolean name="hide_action_l" value="false" />
    <boolean name="hide_action_m" value="false" />
    <int name="ModContactNameColor" value="-16777216" />
    <boolean name="Audio_sensor" value="true" />
    <boolean name="MasOption" value="false" />
    <string name="key_admicon_list">0</string>
    <int name="UnSeenColor" value="-1" />
    <boolean name="tabadgeTextColor_Gactive" value="false" />
    <int name="date_right_color" value="-16777216" />
    <string name="jamm">0</string>
    <int name="emojipopup_body" value="-995628" />
    <boolean name="emojipopup_body_Gactive" value="false" />
    <boolean name="ModChatEmojiColor_Gactive" value="false" />
    <boolean name="NameProf" value="false" />
    <boolean name="ModChatBtnColor_Gactive" value="false" />
    <boolean name="ModHomeMentionIconColor_Gactive" value="false" />
    <int name="key_msnewscar_GOrient" value="0" />
    <int name="quickText" value="-1" />
    <boolean name="ModChaSendBKColor_Gactive" value="false" />
    <boolean name="tittle_center" value="false" />
    <boolean name="pagetitle_sel_picker_Gactive" value="false" />
    <string name="x_anim_style">0</string>
    <boolean name="yo_want_airplanemode" value="true" />
    <int name="ModDarkConPickColor" value="-995628" />
    <boolean name="key_hide_scrolldown" value="false" />
    <boolean name="yo_multi_account_menu" value="false" />
    <int name="ModConTextColor" value="-16777216" />
    <boolean name="key_with_thumb" value="false" />
    <boolean name="disableDTTL" value="false" />
    <string name="papan">5</string>
    <boolean name="yo_want_toolbar_camV2" value="false" />
    <string name="jaaam2">0</string>
    <boolean name="PicProf" value="false" />
    <string name="tabb">0</string>
    <boolean name="date_divider_color_picker_Gactive" value="false" />
    <int name="key_msnewscar" value="-995628" />
    <boolean name="SeenColor_Gactive" value="false" />
    <boolean name="btn_voice_color_chat_picker_Gactive" value="false" />
    <boolean name="key_updown_iconcolor_check" value="true" />
    <string name="key_custom_icondown">0</string>
    <boolean name="ModChatColor_Gactive" value="false" />
    <string name="bubble_style">hangouts</string>
    <int name="ModChatBtnColor" value="-16777216" />
    <boolean name="key_counter_bg_Gactive" value="false" />
    <boolean name="abu_saleh_key_fab_caht" value="true" />
    <boolean name="AttBt" value="false" />
    <boolean name="HomeCounterText_Gactive" value="false" />
    <boolean name="getDefaultContactTypingColor_Gactive" value="false" />
    <int name="date_left_color" value="-16777216" />
    <boolean name="ModDarkConPickColor_Gactive" value="false" />
    <boolean name="ModChatBubbleText_Gactive" value="false" />
    <string name="key_chats_listanimation">0</string>
    <int name="date_bubble_color_picker" value="-995628" />
    <int name="seekbar_color_chat_picker" value="-16777216" />
    <int name="ModFabPressedColor" value="-1668191" />
    <boolean name="key_msnewscar_Gactive" value="true" />
    <boolean name="abu9aleh_status_audio" value="false" />
    <int name="statuses_bar_bg_picker" value="-995628" />
    <boolean name="key_msnewshader_Gactive" value="false" />
    <int name="emojipopup_header" value="-995628" />
    <boolean name="emojipopup_icons_Gactive" value="false" />
    <int name="quoted_name_picker" value="-16777216" />
    <int name="ModChatGStatusB" value="-1668191" />
    <int name="HomeBarText" value="-16777216" />
    <boolean name="imsHideRStatus" value="false" />
    <boolean name="tittle_bold" value="false" />
    <int name="ModChatGStatusT" value="-1" />
    <boolean name="log_show_name_check" value="true" />
    <boolean name="on_shadow_text" value="false" />
    <int name="statuses_bar_text_picker" value="-16777216" />
    <boolean name="ModHomeMentionIndBackground_Gactive" value="false" />
    <boolean name="key_header" value="false" />
    <boolean name="isSwipeEnabledV2" value="false" />
    <boolean name="Hide_contact_picker_section_other_contacts" value="false" />
    <int name="fab_rounded_key" value="32" />
    <string name="menit">0</string>
    <boolean name="hide_custom" value="true" />
    <boolean name="seekbar_color_chat_picker_Gactive" value="false" />
    <boolean name="enable_ig_stories" value="true" />
    <int name="ModConPickColor" value="-995628" />
    <boolean name="admin_abosaleh" value="false" />
    <string name="key_group_icon">0</string>
    <string name="key_story_view">0</string>
    <int name="getDefaultContactTypingColor" value="-16777216" />
    <boolean name="read_more" value="false" />
    <string name="abu_saleh_quickcontact">1</string>
    <string name="bubble_dimen">0</string>
    <int name="key_mas_setBackground_quick" value="-995628" />
    <boolean name="date_left_color_Gactive" value="false" />
    <boolean name="rvkdmsg_icon_color_Gactive" value="false" />
    <boolean name="yo_want_nightmode" value="true" />
    <boolean name="key_updown_bgcolor_check" value="true" />
    <boolean name="UnSeenColor_Gactive" value="false" />
    <int name="quickBK" value="-1668191" />
    <boolean name="ModConBackColor_Gactive" value="false" />
    <boolean name="key_mas_setBackground_quick_Gactive" value="false" />
    <int name="key_msnewscar2" value="12" />
    <int name="key_msnewscar1" value="-1668191" />
    <boolean name="custom_wall" value="false" />
    <boolean name="ModChatBubbleTextLeft_Gactive" value="false" />
    <boolean name="elapsed_time" value="false" />
    <boolean name="abu_saleh_hide_list" value="true" />
    <int name="btn_voice_color_chat_picker" value="-16777216" />
    <string name="key_calls_icon">0</string>
    <boolean name="ModlastseenColor_Gactive" value="false" />
    <int name="ModHomeMentionIndBackground" value="-1668191" />
    <int name="key_msnewscar4" value="1" />
    <int name="key_updown_bgcolor" value="-1668191" />
    <boolean name="ModFabNormalColor_Gactive" value="false" />
    <int name="participant_name_color_picker" value="-16777216" />
    <string name="key_pager_animation">6</string>
    <boolean name="Audio_ears" value="false" />
    <string name="x_channelrow_fix">13</string>
    <int name="square_photo_ratio_picker" value="100" />
    <boolean name="statuses_bar_bg_picker_Gactive" value="false" />
    <int name="ModChatTextColor" value="-16777216" />
    <string name="key_status_ui">0</string>
    <boolean name="participant_name_color_picker_Gactive" value="false" />
    <boolean name="ModChatBubbleHyperlinks_Gactive" value="false" />
    <string name="key_dial2">0</string>
    <string name="jamm2">0</string>
    <int name="SeenColor" value="-16777216" />
</map>
