<?xml version='1.0' encoding='utf-8' standalone='yes' ?>
<map>
    <boolean name="abu_saleh_status_and_photo" value="true" />
    <int name="ModChaSendBKColor" value="-31308" />
    <string name="x_statusesrow_fix">12</string>
    <int name="quoted_text_picker" value="-16777216" />
    <int name="tittle_size" value="20" />
    <boolean name="disable_hiddenchat_access" value="false" />
    <boolean name="my_statusd" value="false" />
    <boolean name="abu_saleh_toast_typing_bc_check" value="true" />
    <boolean name="imsHideVStatus" value="false" />
    <boolean name="abu_saleh_toast_profile_cs" value="true" />
    <int name="abu_saleh_toast_profile_tc" value="-5391" />
    <int name="key_updown_iconcolor" value="-5391" />
    <int name="abu_saleh_toast_online_rd" value="23" />
    <boolean name="ModContactNameColor_Gactive" value="false" />
    <boolean name="newAttach_BottomDesign" value="false" />
    <boolean name="ModFabTextColor_Gactive" value="false" />
    <boolean name="Hide_div" value="true" />
    <boolean name="yo_want_ghostmode" value="true" />
    <int name="statuses_bar_bg_picker_GC" value="-1" />
    <boolean name="key_mas_hide_archive_home" value="false" />
    <boolean name="key_hide_unsaved_num" value="false" />
    <int name="ModDarkConPickColorNav_GC" value="-1" />
    <boolean name="HomeBarText_Gactive" value="false" />
    <boolean name="MetaAI" value="false" />
    <int name="key_dwh_size_row" value="80" />
    <string name="key_status_icon">0</string>
    <boolean name="abu_saleh_toast_online_bc_Gactive" value="false" />
    <string name="pp0">19</string>
    <boolean name="abu_saleh_forward_tovoice" value="false" />
    <boolean name="abu_saleh_toast_profile_el" value="false" />
    <boolean name="onlinechat" value="false" />
    <string name="detik2">3</string>
    <boolean name="enable_fivminstatus" value="true" />
    <string name="ui_home_styleV3">ios</string>
    <boolean name="key_tt" value="true" />
    <string name="key_edit_hidden_msg">!!MENSAGEM OCULTA!!</string>
    <int name="quoted_bg_picker_GCDir" value="0" />
    <int name="HomeCounterBK" value="-31308" />
    <string name="key_chats_icon">0</string>
    <int name="ModChatBubbleTextLeft" value="-31308" />
    <boolean name="abu_saleh_toast_status_tc_check" value="true" />
    <int name="ModHomeMentionIconColor" value="-1" />
    <boolean name="enable_grp_separationV2" value="true" />
    <int name="ModChatColor_GC" value="-1" />
    <int name="quoted_divider_picker" value="-31308" />
    <int name="abu_saleh_toast_online_tc" value="-5391" />
    <boolean name="abu_saleh_toast_online_cs" value="true" />
    <boolean name="key_counter_tx_Gactive" value="false" />
    <int name="ModFabTextColor" value="-31308" />
    <boolean name="Fake_chat_real" value="false" />
    <boolean name="bubble_more_options_dlg" value="false" />
    <boolean name="ModConTextColor_Gactive" value="false" />
    <boolean name="hide_action_mas" value="false" />
    <boolean name="abu_saleh_toast_status_view" value="true" />
    <boolean name="key_method_endgp" value="false" />
    <boolean name="key_msnewscar_check" value="true" />
    <boolean name="yo_hideinfo" value="true" />
    <boolean name="Hide_contact_picker_section_recent_chats" value="false" />
    <int name="key_counter_tx" value="-16777216" />
    <boolean name="abosaleh_mention_member" value="false" />
    <int name="HomeCounterText" value="-16777216" />
    <boolean name="direkt_link_degistir" value="false" />
    <string name="ppsf">19</string>
    <int name="ModDarkConPickColorNav_GOrient" value="4" />
    <boolean name="tabadgeBKColor_Gactive" value="false" />
    <boolean name="arch_chats_top" value="true" />
    <int name="key_msnewshader" value="-31308" />
    <boolean name="abu_saleh_research" value="false" />
    <boolean name="onlineDotchat" value="false" />
    <string name="key_community_icon">0</string>
    <string name="pps">19</string>
    <int name="ModlastseenColor" value="-16777216" />
    <boolean name="Hide_contact_picker_section_frequent_chats" value="false" />
    <boolean name="status_wantsendconfirmation" value="true" />
    <int name="ModDarkConPickColorNav" value="-31308" />
    <int name="key_msnewstab4" value="1" />
    <int name="key_msnewstab2" value="12" />
    <int name="key_msnewstab1" value="-31308" />
    <boolean name="enable_statuspage_extras" value="true" />
    <int name="abu_saleh_toast_online_bc" value="-31308" />
    <boolean name="on_anim" value="true" />
    <boolean name="key_msnewstab_check" value="true" />
    <int name="quoted_bg_picker" value="-8984" />
    <boolean name="abu_saleh_toast_typing_view" value="true" />
    <boolean name="pagetitle_picker_Gactive" value="false" />
    <int name="statuses_bar_bg_picker_GCDir" value="0" />
    <boolean name="banner_clock" value="false" />
    <boolean name="abu_saleh_play_voice_note" value="false" />
    <boolean name="quoted_divider_picker_Gactive" value="false" />
    <int name="sub_tittle_size" value="10" />
    <int name="ModChatEmojiColor" value="-31308" />
    <boolean name="ModChaSendColor_Gactive" value="false" />
    <int name="ModChaSendColor" value="-16777216" />
    <int name="pagetitle_sel_picker" value="-16777216" />
    <boolean name="ModDarkConPickColorNav_Gactive" value="true" />
    <boolean name="key_send_hidden_msg" value="false" />
    <int name="key_counter_bg" value="-31308" />
    <boolean name="onlineDotchatColor_Gactive" value="false" />
    <int name="ModChatColor" value="-8984" />
    <boolean name="hide_translation_icon" value="false" />
    <int name="tabadgeBKColor" value="-31308" />
    <int name="abu_saleh_toast_status_bc" value="-31308" />
    <boolean name="HomeCounterBK_Gactive" value="false" />
    <boolean name="home_imgBK" value="true" />
    <boolean name="quoted_name_picker_Gactive" value="false" />
    <int name="abu_saleh_toast_status_tc" value="-5391" />
    <boolean name="custom_wall_profilepic" value="false" />
    <boolean name="abu_saleh_toast_status_cs" value="true" />
    <boolean name="stkr_wantsendconfirmation" value="true" />
    <boolean name="date_right_color_Gactive" value="false" />
    <int name="tabadgeTextColor" value="-16777216" />
    <string name="ConvoEntry">7</string>
    <int name="ModConColor" value="-8984" />
    <boolean name="key_grsHeader" value="true" />
    <string name="key_custom_iconup">0</string>
    <string name="x_callsrow_fix">12</string>
    <int name="key_msnewscar_GC" value="-1" />
    <string name="tick_style">inbox</string>
    <int name="ModConPickColor_GC" value="-1" />
    <boolean name="hide_fab" value="false" />
    <int name="abu_saleh_toast_profile_rd" value="23" />
    <boolean name="key_hide_scrollup" value="false" />
    <boolean name="ModDarkConPickColor_check" value="true" />
    <int name="tabindicator" value="-31308" />
    <boolean name="imsHideMStatus" value="false" />
    <boolean name="ModChatTextColor_Gactive" value="false" />
    <string name="ui_bottom_style">ios</string>
    <boolean name="key_quick_view" value="false" />
    <boolean name="my_name" value="true" />
    <boolean name="TxtSelect" value="true" />
    <int name="pagetitle_picker" value="-31308" />
    <int name="abu_saleh_toast_profile_bc" value="-31308" />
    <boolean name="PicHead" value="false" />
    <boolean name="key_botPP" value="false" />
    <boolean name="hide_action_a" value="false" />
    <boolean name="key_meler1" value="true" />
    <boolean name="hide_action_b" value="false" />
    <string name="inconvo_trans_option">in-y</string>
    <boolean name="abu_saleh_toast_typing_bc_Gactive" value="false" />
    <boolean name="key_msnewshader_check" value="true" />
    <boolean name="key_name_stories_Gactive" value="false" />
    <boolean name="quoted_text_picker_Gactive" value="false" />
    <int name="abu_saleh_toast_status_rd" value="23" />
    <boolean name="ModConPickColor_Gactive" value="true" />
    <string name="HomeEntry">xwa11</string>
    <boolean name="statuses_bar_text_picker_Gactive" value="false" />
    <int name="key_msnewshader_GOrient" value="4" />
    <int name="main_text" value="17" />
    <boolean name="key_comun" value="true" />
    <boolean name="ModConColor_Gactive" value="true" />
    <int name="ModDarkConPickColor_GC" value="-1" />
    <int name="text_size_pick" value="15" />
    <int name="key_name_stories" value="-16777216" />
    <int name="ModChatBubbleText" value="-31308" />
    <int name="rvkdmsg_icon_color" value="-31308" />
    <boolean name="hide_banner" value="false" />
    <boolean name="ModDarkConPickColorNav_check" value="true" />
    <string name="key_quick_position">top</string>
    <boolean name="quoted_bg_picker_Gactive" value="true" />
    <string name="menit2">4</string>
    <boolean name="hide_action_s" value="false" />
    <int name="ModFabNormalColor" value="-8984" />
    <boolean name="hide_action_l" value="false" />
    <int name="ModContactNameColor" value="-31308" />
    <boolean name="hide_action_m" value="false" />
    <boolean name="Audio_sensor" value="true" />
    <boolean name="MasOption" value="false" />
    <string name="key_admicon_list">0</string>
    <boolean name="abu_saleh_toast_typing_cs" value="true" />
    <int name="key_msnewstab" value="-1711276033" />
    <int name="abu_saleh_toast_typing_tc" value="-5391" />
    <int name="UnSeenColor" value="-31308" />
    <boolean name="abu_saleh_toast_online_tc_check" value="true" />
    <boolean name="tabadgeTextColor_Gactive" value="false" />
    <boolean name="abu_saleh_toast_online_bc_check" value="true" />
    <boolean name="BGColor_Gactive" value="false" />
    <int name="date_right_color" value="-16777216" />
    <string name="jamm">3</string>
    <string name="abu_saleh_toast_status_gv">0</string>
    <boolean name="isDialogConfirmed" value="true" />
    <boolean name="ModChatEmojiColor_Gactive" value="false" />
    <boolean name="ModChatBtnColor_Gactive" value="false" />
    <boolean name="ModHomeMentionIconColor_Gactive" value="false" />
    <int name="quickText" value="-5391" />
    <int name="key_msnewscar_GOrient" value="0" />
    <boolean name="ModChaSendBKColor_Gactive" value="false" />
    <boolean name="tittle_center" value="false" />
    <boolean name="pagetitle_sel_picker_Gactive" value="false" />
    <int name="quoted_bg_picker_GC" value="-1" />
    <boolean name="abu_saleh_toast_online_view" value="true" />
    <string name="x_anim_style">0</string>
    <boolean name="yo_want_airplanemode" value="false" />
    <boolean name="key_hide_scrolldown" value="false" />
    <int name="ModDarkConPickColor" value="-31308" />
    <boolean name="yo_multi_account_menu" value="false" />
    <int name="ModConTextColor" value="-16777216" />
    <boolean name="disableDTTL" value="false" />
    <boolean name="key_with_thumb" value="false" />
    <string name="papan">1</string>
    <int name="abu_saleh_toast_typing_rd" value="23" />
    <boolean name="yo_want_toolbar_camV2" value="false" />
    <boolean name="ModOnlineColor_Gactive" value="false" />
    <string name="jaaam2">13</string>
    <string name="tabb">0</string>
    <int name="key_msnewscar" value="-1711276033" />
    <boolean name="abu_saleh_toast_status_el" value="false" />
    <boolean name="key_msnewstab_Gactive" value="false" />
    <boolean name="SeenColor_Gactive" value="false" />
    <int name="key_msnewshader_GC" value="-8984" />
    <int name="abu_saleh_toast_typing_bc" value="-31308" />
    <int name="ModConPickColor_GCDir" value="0" />
    <string name="key_custom_icondown">0</string>
    <string name="bubble_style">yousef</string>
    <boolean name="ModChatColor_Gactive" value="true" />
    <int name="ModChatBtnColor" value="-31308" />
    <boolean name="key_counter_bg_Gactive" value="false" />
    <int name="ModChatColor_GCDir" value="0" />
    <boolean name="abu_saleh_key_fab_caht" value="false" />
    <int name="ModDarkConPickColor_GOrient" value="4" />
    <boolean name="HomeCounterText_Gactive" value="false" />
    <boolean name="getDefaultContactTypingColor_Gactive" value="false" />
    <int name="date_left_color" value="-16777216" />
    <boolean name="abu_saleh_toast_online_el" value="false" />
    <boolean name="ModDarkConPickColor_Gactive" value="true" />
    <boolean name="ModChatBubbleText_Gactive" value="false" />
    <boolean name="key_msnewscar_Gactive" value="false" />
    <string name="abu_saleh_toast_profile_gv">0</string>
    <boolean name="abu9aleh_status_audio" value="false" />
    <int name="statuses_bar_bg_picker" value="-8984" />
    <boolean name="key_msnewshader_Gactive" value="true" />
    <int name="quoted_name_picker" value="-31308" />
    <int name="HomeBarText" value="-31308" />
    <boolean name="imsHideRStatus" value="false" />
    <boolean name="tittle_bold" value="false" />
    <string name="abu_saleh_toast_typing_gv">0</string>
    <boolean name="abu_saleh_toast_profile_view" value="false" />
    <boolean name="on_shadow_text" value="false" />
    <boolean name="tabindicator_Gactive" value="false" />
    <int name="statuses_bar_text_picker" value="-31308" />
    <boolean name="abu_saleh_toast_status_bc_check" value="true" />
    <boolean name="ModHomeMentionIndBackground_Gactive" value="false" />
    <boolean name="key_header" value="false" />
    <boolean name="isSwipeEnabledV2" value="false" />
    <boolean name="Hide_contact_picker_section_other_contacts" value="false" />
    <int name="fab_rounded_key" value="8" />
    <string name="menit">3</string>
    <boolean name="hide_custom" value="false" />
    <boolean name="enable_ig_stories" value="true" />
    <int name="ModConPickColor" value="-8984" />
    <boolean name="abu_saleh_toast_status_bc_Gactive" value="false" />
    <boolean name="abu_saleh_toast_profile_bc_check" value="true" />
    <boolean name="abu_saleh_toast_profile_tc_check" value="true" />
    <boolean name="admin_abosaleh" value="false" />
    <string name="key_group_icon">0</string>
    <string name="key_story_view">0</string>
    <int name="getDefaultContactTypingColor" value="-31308" />
    <boolean name="read_more" value="false" />
    <boolean name="abu_saleh_toast_typing_el" value="false" />
    <string name="bubble_dimen">0</string>
    <boolean name="date_left_color_Gactive" value="false" />
    <boolean name="rvkdmsg_icon_color_Gactive" value="false" />
    <boolean name="yo_want_nightmode" value="true" />
    <int name="ModConColor_GCDir" value="0" />
    <string name="abu_saleh_toast_online_gv">0</string>
    <int name="quickBK" value="-31308" />
    <boolean name="UnSeenColor_Gactive" value="false" />
    <int name="key_msnewscar2" value="12" />
    <boolean name="abu_saleh_toast_typing_tc_check" value="true" />
    <int name="key_msnewscar1" value="-31308" />
    <boolean name="abu_saleh_toast_profile_bc_Gactive" value="false" />
    <boolean name="custom_wall" value="false" />
    <boolean name="ModChatBubbleTextLeft_Gactive" value="false" />
    <boolean name="ModChatEntry_Gactive" value="false" />
    <boolean name="elapsed_time" value="false" />
    <boolean name="abu_saleh_hide_list" value="true" />
    <string name="key_calls_icon">0</string>
    <boolean name="ModlastseenColor_Gactive" value="false" />
    <int name="onlineDotchatColor" value="-16777216" />
    <int name="ModHomeMentionIndBackground" value="-31308" />
    <int name="key_updown_bgcolor" value="-31308" />
    <int name="key_msnewscar4" value="1" />
    <boolean name="ModFabNormalColor_Gactive" value="false" />
    <boolean name="Audio_ears" value="false" />
    <int name="ModChatEntry" value="-1" />
    <string name="x_channelrow_fix">12</string>
    <int name="square_photo_ratio_picker" value="100" />
    <boolean name="statuses_bar_bg_picker_Gactive" value="true" />
    <int name="ModChatTextColor" value="-16777216" />
    <string name="key_status_ui">0</string>
    <string name="key_dial2">2</string>
    <string name="jamm2">3</string>
    <int name="ModConColor_GC" value="-1" />
    <int name="SeenColor" value="-8984" />
    <int name="ModOnlineColor" value="-16777216" />
</map>
