<?xml version='1.0' encoding='utf-8' standalone='yes' ?>
<map>
    <boolean name="abu_saleh_status_and_photo" value="true" />
    <string name="x_statusesrow_fix">1</string>
    <int name="tittle_size" value="18" />
    <boolean name="disable_hiddenchat_access" value="true" />
    <boolean name="my_statusd" value="true" />
    <boolean name="imsHideVStatus" value="true" />
    <int name="key_updown_iconcolor" value="-1" />
    <boolean name="ModContactNameColor_Gactive" value="false" />
    <boolean name="newAttach_BottomDesign" value="false" />
    <boolean name="Conv_call_btn" value="false" />
    <boolean name="Hide_div" value="true" />
    <boolean name="yo_want_ghostmode" value="false" />
    <boolean name="key_mas_hide_archive_home" value="false" />
    <boolean name="key_hide_unsaved_num" value="true" />
    <boolean name="HomeBarText_Gactive" value="false" />
    <int name="key_msnewstab_GC" value="1022471096" />
    <boolean name="MetaAI" value="true" />
    <int name="key_dwh_size_row" value="80" />
    <string name="pp0">27</string>
    <boolean name="abu_saleh_forward_tovoice" value="false" />
    <boolean name="onlinechat" value="false" />
    <string name="detik2">0</string>
    <boolean name="enable_fivminstatus" value="true" />
    <string name="ui_home_styleV3">stock</string>
    <boolean name="key_tt" value="true" />
    <string name="key_edit_hidden_msg">!!MENSAGEM OCULTA!!</string>
    <string name="convostyle">1</string>
    <int name="HomeCounterBK" value="-939080" />
    <boolean name="enable_grp_separationV2" value="true" />
    <int name="ModChatColor_GC" value="1022471096" />
    <boolean name="ModConTextColor_Gactive" value="false" />
    <boolean name="bubble_more_options_dlg" value="true" />
    <boolean name="hide_action_mas" value="true" />
    <string name="ic_attachment_bg">20</string>
    <boolean name="key_msnewscar_check" value="true" />
    <boolean name="key_method_endgp" value="false" />
    <boolean name="yo_hideinfo" value="true" />
    <boolean name="Hide_contact_picker_section_recent_chats" value="false" />
    <boolean name="abosaleh_mention_member" value="false" />
    <boolean name="direkt_link_degistir" value="false" />
    <string name="ppsf">0</string>
    <boolean name="arch_chats_top" value="true" />
    <boolean name="abu_saleh_research" value="false" />
    <boolean name="onlineDotchat" value="false" />
    <string name="pps">27</string>
    <int name="ModlastseenColor" value="-13621981" />
    <boolean name="Hide_contact_picker_section_frequent_chats" value="false" />
    <boolean name="status_wantsendconfirmation" value="true" />
    <int name="key_msnewstab4" value="1" />
    <int name="key_msnewstab2" value="20" />
    <int name="BGColor" value="-210221" />
    <int name="key_msnewstab1" value="-11779517" />
    <boolean name="enable_statuspage_extras" value="true" />
    <boolean name="on_anim" value="true" />
    <boolean name="key_msnewstab_check" value="true" />
    <boolean name="hide_perfil" value="false" />
    <string name="last_seen">Soy Sakura Uchiha</string>
    <boolean name="banner_clock" value="true" />
    <boolean name="statuschat" value="true" />
    <boolean name="abu_saleh_play_voice_note" value="false" />
    <boolean name="multiChats" value="false" />
    <int name="sub_tittle_size" value="10" />
    <boolean name="key_send_hidden_msg" value="false" />
    <boolean name="onlineDotchatColor_Gactive" value="false" />
    <int name="ModChatColor" value="1022471096" />
    <boolean name="hide_translation_icon" value="false" />
    <boolean name="HomeCounterBK_Gactive" value="false" />
    <boolean name="home_imgBK" value="true" />
    <boolean name="custom_wall_profilepic" value="false" />
    <boolean name="stkr_wantsendconfirmation" value="true" />
    <string name="ConvoEntry">25</string>
    <int name="ModConColor" value="-210221" />
    <boolean name="key_grsHeader" value="true" />
    <string name="key_custom_iconup">1</string>
    <string name="x_callsrow_fix">1</string>
    <int name="key_msnewscar_GC" value="1022471096" />
    <string name="ic_attachment_galery">3</string>
    <string name="ic_attachment_poll">7</string>
    <string name="tick_style">pix</string>
    <int name="ModConPickColor_GC" value="1022471096" />
    <boolean name="hide_fab" value="false" />
    <string name="ic_attachment_device">7</string>
    <boolean name="key_hide_scrollup" value="true" />
    <boolean name="ModDarkConPickColor_check" value="true" />
    <boolean name="imsHideMStatus" value="true" />
    <boolean name="key_quick_view" value="false" />
    <boolean name="my_name" value="true" />
    <boolean name="TxtSelect" value="true" />
    <int name="BGColor_GC" value="1022471096" />
    <string name="key_change_the_entry">X - WhatsApp ❤️‍🔥</string>
    <boolean name="PicHead" value="false" />
    <boolean name="key_botPP" value="true" />
    <boolean name="hide_action_a" value="false" />
    <boolean name="hide_action_b" value="false" />
    <string name="inconvo_trans_option">in-y</string>
    <string name="x_ptt_start_record">0</string>
    <int name="key_msnewstab_GOrient" value="6" />
    <boolean name="ModConPickColor_Gactive" value="true" />
    <string name="HomeEntry">yousef</string>
    <int name="main_text" value="17" />
    <boolean name="key_comun" value="false" />
    <boolean name="ModConColor_Gactive" value="true" />
    <int name="text_size_pick" value="16" />
    <string name="ic_attachment_event">2</string>
    <boolean name="hide_banner" value="true" />
    <string name="key_quick_position">top</string>
    <string name="menit2">0</string>
    <boolean name="hide_action_s" value="false" />
    <int name="ModFabNormalColor" value="-1599063" />
    <boolean name="hide_action_l" value="false" />
    <boolean name="hide_action_m" value="false" />
    <int name="ModContactNameColor" value="-9610928" />
    <boolean name="Audio_sensor" value="true" />
    <boolean name="MasOption" value="true" />
    <string name="key_admicon_list">0</string>
    <int name="key_msnewstab" value="-210221" />
    <boolean name="BGColor_Gactive" value="true" />
    <string name="jamm">0</string>
    <boolean name="NameProf" value="false" />
    <int name="key_msnewscar_GOrient" value="0" />
    <int name="quickText" value="-1" />
    <boolean name="tittle_center" value="false" />
    <string name="x_anim_style">1</string>
    <boolean name="yo_want_airplanemode" value="false" />
    <int name="ModDarkConPickColor" value="-210221" />
    <boolean name="key_hide_scrolldown" value="false" />
    <string name="ic_attachment_cam">1</string>
    <boolean name="yo_multi_account_menu" value="false" />
    <int name="ModConTextColor" value="-13621981" />
    <string name="ic_attachment_documents">1</string>
    <boolean name="key_with_thumb" value="true" />
    <boolean name="disableDTTL" value="true" />
    <string name="papan">0</string>
    <boolean name="yo_want_toolbar_camV2" value="false" />
    <boolean name="ModOnlineColor_Gactive" value="false" />
    <string name="jaaam2">0</string>
    <boolean name="PicProf" value="false" />
    <string name="tabb">0</string>
    <int name="BGColor_GCDir" value="3" />
    <int name="key_msnewscar" value="-210221" />
    <boolean name="key_msnewstab_Gactive" value="true" />
    <string name="ic_attachment_ia">5</string>
    <int name="ModConPickColor_GCDir" value="0" />
    <string name="key_custom_icondown">1</string>
    <boolean name="ModChatColor_Gactive" value="true" />
    <string name="bubble_style">alfab18</string>
    <string name="ic_attachment_pix">2</string>
    <int name="ModChatColor_GCDir" value="0" />
    <boolean name="abu_saleh_key_fab_caht" value="true" />
    <boolean name="AttBt" value="false" />
    <boolean name="getDefaultContactTypingColor_Gactive" value="false" />
    <boolean name="ModDarkConPickColor_Gactive" value="false" />
    <boolean name="key_msnewscar_Gactive" value="true" />
    <boolean name="abu9aleh_status_audio" value="true" />
    <int name="HomeBarText" value="-11779517" />
    <boolean name="imsHideRStatus" value="false" />
    <boolean name="tittle_bold" value="true" />
    <boolean name="log_show_name_check" value="true" />
    <boolean name="on_shadow_text" value="true" />
    <boolean name="ModHomeMentionIndBackground_Gactive" value="false" />
    <string name="ic_attachment_location">5</string>
    <boolean name="key_header" value="true" />
    <boolean name="isSwipeEnabledV2" value="false" />
    <boolean name="Hide_contact_picker_section_other_contacts" value="false" />
    <int name="fab_rounded_key" value="20" />
    <string name="x_sound_incoming">0</string>
    <string name="menit">0</string>
    <boolean name="enable_ig_stories" value="true" />
    <int name="ModConPickColor" value="-210221" />
    <boolean name="admin_abosaleh" value="false" />
    <string name="key_story_view">0</string>
    <int name="getDefaultContactTypingColor" value="-1599063" />
    <boolean name="read_more" value="true" />
    <string name="bubble_dimen">1</string>
    <boolean name="yo_want_nightmode" value="false" />
    <int name="ModConColor_GCDir" value="3" />
    <int name="quickBK" value="-20522" />
    <boolean name="abu_saleh_hide_community_icon" value="true" />
    <int name="key_msnewscar2" value="18" />
    <int name="key_msnewscar1" value="-11779517" />
    <boolean name="custom_wall" value="false" />
    <boolean name="elapsed_time" value="false" />
    <boolean name="ModlastseenColor_Gactive" value="false" />
    <int name="onlineDotchatColor" value="-1599063" />
    <int name="ModHomeMentionIndBackground" value="-939080" />
    <int name="key_msnewscar4" value="1" />
    <int name="key_updown_bgcolor" value="-20522" />
    <boolean name="ModFabNormalColor_Gactive" value="false" />
    <string name="x_sound_send_message">0</string>
    <boolean name="Audio_ears" value="false" />
    <string name="x_channelrow_fix">1</string>
    <int name="square_photo_ratio_picker" value="100" />
    <string name="x_ptt_stop_record">0</string>
    <string name="key_dial2">0</string>
    <string name="ic_attachment_contact">6</string>
    <string name="ic_attachment_audio">2</string>
    <string name="jamm2">0</string>
    <int name="ModConColor_GC" value="1022471096" />
    <int name="ModOnlineColor" value="-13621981" />
</map>
