<?xml version='1.0' encoding='utf-8' standalone='yes' ?>
<map>
    <boolean name="abu_saleh_status_and_photo" value="true" />
    <string name="x_statusesrow_fix">1</string>
    <int name="quoted_text_picker" value="-12768733" />
    <int name="tittle_size" value="20" />
    <boolean name="disable_hiddenchat_access" value="false" />
    <boolean name="my_statusd" value="false" />
    <boolean name="abu_saleh_toast_typing_bc_check" value="true" />
    <boolean name="imsHideVStatus" value="false" />
    <boolean name="abu_saleh_toast_profile_cs" value="true" />
    <int name="abu_saleh_toast_profile_tc" value="-12768733" />
    <int name="key_updown_iconcolor" value="-3841" />
    <int name="abu_saleh_toast_online_rd" value="23" />
    <boolean name="ModContactNameColor_Gactive" value="false" />
    <boolean name="newAttach_BottomDesign" value="false" />
    <boolean name="Conv_call_btn" value="false" />
    <boolean name="ModFabTextColor_Gactive" value="false" />
    <string name="animation_drawableshatssss">7</string>
    <boolean name="Hide_div" value="true" />
    <boolean name="yo_want_ghostmode" value="true" />
    <int name="abu_saleh_toast_typing_bc_GC" value="-1" />
    <int name="statuses_bar_bg_picker_GC" value="-1" />
    <int name="key_mas_border_avatar_quick_contact" value="-14639" />
    <boolean name="key_mas_hide_archive_home" value="false" />
    <boolean name="key_hide_unsaved_num" value="false" />
    <int name="ModDarkConPickColorNav_GC" value="-1" />
    <boolean name="HomeBarText_Gactive" value="false" />
    <int name="intensitasshatrs" value="5" />
    <int name="key_msnewstab_GC" value="-855638017" />
    <boolean name="MetaAI" value="false" />
    <int name="key_dwh_size_row" value="95" />
    <boolean name="abu_saleh_toast_online_bc_Gactive" value="true" />
    <string name="pp0">21</string>
    <boolean name="abu_saleh_forward_tovoice" value="false" />
    <boolean name="abu_saleh_toast_profile_el" value="false" />
    <boolean name="onlinechat" value="false" />
    <string name="detik2">0</string>
    <boolean name="enable_fivminstatus" value="true" />
    <int name="abu_saleh_toast_status_bc_GC" value="-1" />
    <string name="ui_home_styleV3">ios</string>
    <boolean name="key_tt" value="true" />
    <string name="key_edit_hidden_msg">!!MENSAGEM OCULTA!!</string>
    <int name="quoted_bg_picker_GCDir" value="0" />
    <int name="HomeCounterBK" value="-3023113" />
    <int name="ModChatBubbleTextLeft" value="-12768733" />
    <boolean name="abu_saleh_toast_status_tc_check" value="true" />
    <int name="ModHomeMentionIconColor" value="-12768733" />
    <boolean name="enable_grp_separationV2" value="true" />
    <int name="ModChatColor_GC" value="-1" />
    <int name="quoted_divider_picker" value="-14639" />
    <int name="abu_saleh_toast_online_tc" value="-12768733" />
    <boolean name="abu_saleh_toast_online_cs" value="true" />
    <int name="ModFabTextColor" value="-1" />
    <boolean name="key_counter_tx_Gactive" value="false" />
    <int name="rowleft" value="0" />
    <boolean name="bubble_more_options_dlg" value="false" />
    <boolean name="ModConTextColor_Gactive" value="false" />
    <int name="mas_lingkaran_kontak2" value="-3023113" />
    <int name="mas_lingkaran_kontak3" value="-1" />
    <string name="ic_attachment_bg">16</string>
    <boolean name="hide_action_mas" value="false" />
    <boolean name="abu_saleh_toast_status_view" value="true" />
    <boolean name="key_method_endgp" value="false" />
    <boolean name="key_msnewscar_check" value="true" />
    <boolean name="yo_hideinfo" value="true" />
    <string name="animation_drawable">7</string>
    <boolean name="Hide_contact_picker_section_recent_chats" value="false" />
    <int name="key_counter_tx" value="-12768733" />
    <boolean name="abosaleh_mention_member" value="false" />
    <int name="HomeCounterText" value="-12768733" />
    <boolean name="key_mas_setBackground_quick_check" value="true" />
    <boolean name="direkt_link_degistir" value="false" />
    <string name="ppsf">21</string>
    <int name="ModDarkConPickColorNav_GOrient" value="0" />
    <boolean name="arch_chats_top" value="true" />
    <boolean name="abu_saleh_research" value="false" />
    <boolean name="onlineDotchat" value="false" />
    <string name="pps">21</string>
    <int name="ModlastseenColor" value="-12768733" />
    <int name="key_mas_setBackground_quick_GOrient" value="0" />
    <boolean name="Hide_contact_picker_section_frequent_chats" value="false" />
    <boolean name="status_wantsendconfirmation" value="true" />
    <int name="ModDarkConPickColorNav" value="-14639" />
    <int name="key_msnewstab4" value="1" />
    <int name="key_msnewstab2" value="12" />
    <int name="key_msnewstab1" value="-12768733" />
    <boolean name="enable_statuspage_extras" value="true" />
    <int name="abu_saleh_toast_online_bc" value="-14639" />
    <int name="abu_saleh_toast_typing_bc_GOrient" value="0" />
    <boolean name="on_anim" value="true" />
    <boolean name="key_msnewstab_check" value="true" />
    <int name="quoted_bg_picker" value="-14639" />
    <boolean name="hrotation" value="true" />
    <int name="speedshats" value="10" />
    <boolean name="abu_saleh_toast_typing_view" value="true" />
    <boolean name="hide_perfil" value="true" />
    <int name="statuses_bar_bg_picker_GCDir" value="0" />
    <boolean name="banner_clock" value="true" />
    <boolean name="abu_saleh_play_voice_note" value="false" />
    <boolean name="quoted_divider_picker_Gactive" value="false" />
    <boolean name="multiChats" value="false" />
    <int name="sub_tittle_size" value="10" />
    <boolean name="ModDarkConPickColorNav_Gactive" value="true" />
    <boolean name="key_send_hidden_msg" value="false" />
    <int name="key_counter_bg" value="-3023113" />
    <int name="ModChatColor" value="-14639" />
    <boolean name="hide_translation_icon" value="false" />
    <int name="abu_saleh_toast_status_bc" value="-14639" />
    <boolean name="HomeCounterBK_Gactive" value="false" />
    <boolean name="home_imgBK" value="true" />
    <boolean name="quoted_name_picker_Gactive" value="false" />
    <int name="key_mas_icon_quickcontact" value="-12768733" />
    <int name="abu_saleh_toast_status_tc" value="-12768733" />
    <boolean name="custom_wall_profilepic" value="false" />
    <int name="key_mas_setBackground_quick_GC" value="-1" />
    <boolean name="abu_saleh_toast_status_cs" value="true" />
    <boolean name="stkr_wantsendconfirmation" value="true" />
    <boolean name="date_right_color_Gactive" value="false" />
    <string name="ConvoEntry">7</string>
    <int name="ModConColor" value="-14639" />
    <boolean name="key_grsHeader" value="true" />
    <string name="key_custom_iconup">3</string>
    <string name="x_callsrow_fix">1</string>
    <string name="ic_attachment_galery">7</string>
    <int name="key_msnewscar_GC" value="-855638017" />
    <string name="ic_attachment_poll">5</string>
    <string name="tick_style">alfa33</string>
    <int name="abu_saleh_toast_status_bc_GOrient" value="0" />
    <int name="ModConPickColor_GC" value="-1" />
    <string name="ic_attachment_device">4</string>
    <boolean name="hide_fab" value="false" />
    <int name="abu_saleh_toast_profile_rd" value="23" />
    <boolean name="key_hide_scrollup" value="false" />
    <boolean name="ModDarkConPickColor_check" value="true" />
    <boolean name="imsHideMStatus" value="false" />
    <boolean name="ModChatTextColor_Gactive" value="false" />
    <string name="ui_bottom_style">ios</string>
    <int name="speed" value="10" />
    <boolean name="key_quick_view" value="false" />
    <boolean name="my_name" value="false" />
    <int name="mas_latarkontak2" value="-3023113" />
    <boolean name="TxtSelect" value="true" />
    <int name="abu_saleh_toast_profile_bc" value="-14639" />
    <boolean name="PicHead" value="false" />
    <boolean name="key_botPP" value="false" />
    <boolean name="hide_action_a" value="false" />
    <boolean name="hide_action_b" value="false" />
    <string name="inconvo_trans_option">in-y</string>
    <string name="x_ptt_start_record">0</string>
    <boolean name="abu_saleh_toast_typing_bc_Gactive" value="true" />
    <int name="key_msnewstab_GOrient" value="0" />
    <boolean name="quoted_text_picker_Gactive" value="false" />
    <boolean name="key_name_stories_Gactive" value="false" />
    <int name="abu_saleh_toast_status_rd" value="23" />
    <boolean name="crotation" value="true" />
    <boolean name="ModConPickColor_Gactive" value="true" />
    <string name="HomeEntry">yousef</string>
    <boolean name="statuses_bar_text_picker_Gactive" value="false" />
    <int name="main_text" value="17" />
    <boolean name="ModChatRightBubble_Gactive" value="false" />
    <boolean name="key_comun" value="true" />
    <boolean name="ModConColor_Gactive" value="true" />
    <int name="ModDarkConPickColor_GC" value="-1" />
    <int name="text_size_pick" value="16" />
    <string name="ic_attachment_event">5</string>
    <int name="key_name_stories" value="-12768733" />
    <int name="ModChatBubbleText" value="-12768733" />
    <string name="key_chat_animation">7</string>
    <boolean name="hide_banner" value="true" />
    <boolean name="ModDarkConPickColorNav_check" value="true" />
    <string name="key_quick_position">top</string>
    <boolean name="quoted_bg_picker_Gactive" value="true" />
    <string name="menit2">0</string>
    <boolean name="hide_action_s" value="false" />
    <int name="ModFabNormalColor" value="-3023113" />
    <boolean name="hide_action_l" value="false" />
    <boolean name="hide_action_m" value="false" />
    <int name="ModContactNameColor" value="-12768733" />
    <boolean name="Audio_sensor" value="true" />
    <boolean name="MasOption" value="false" />
    <string name="key_admicon_list">0</string>
    <boolean name="abu_saleh_toast_typing_cs" value="true" />
    <int name="key_msnewstab" value="-855652655" />
    <int name="abu_saleh_toast_typing_tc" value="-12768733" />
    <int name="UnSeenColor" value="-3023113" />
    <boolean name="abu_saleh_toast_online_tc_check" value="true" />
    <boolean name="abu_saleh_toast_online_bc_check" value="true" />
    <int name="rowright" value="0" />
    <int name="key_mas_setText_contact_name" value="-12768733" />
    <int name="abu_saleh_toast_online_bc_GC" value="-1" />
    <int name="date_right_color" value="-12768733" />
    <string name="jamm">0</string>
    <int name="intensitas" value="5" />
    <string name="abu_saleh_toast_status_gv">0</string>
    <int name="rowbottom" value="0" />
    <boolean name="ModHomeMentionIconColor_Gactive" value="false" />
    <int name="quickText" value="-3841" />
    <int name="key_msnewscar_GOrient" value="0" />
    <boolean name="key_snow_chats" value="true" />
    <int name="abu_saleh_toast_online_bc_GOrient" value="0" />
    <boolean name="key_snow_home" value="true" />
    <boolean name="tittle_center" value="false" />
    <int name="quoted_bg_picker_GC" value="-1" />
    <boolean name="abu_saleh_toast_online_view" value="true" />
    <string name="x_anim_style">0</string>
    <boolean name="yo_want_airplanemode" value="true" />
    <int name="ModDarkConPickColor" value="-14639" />
    <boolean name="key_hide_scrolldown" value="false" />
    <string name="ic_attachment_cam">5</string>
    <boolean name="yo_multi_account_menu" value="false" />
    <int name="ModConTextColor" value="-1388500445" />
    <string name="ic_attachment_documents">3</string>
    <boolean name="disableDTTL" value="false" />
    <boolean name="key_with_thumb" value="false" />
    <string name="papan">0</string>
    <int name="abu_saleh_toast_typing_rd" value="23" />
    <boolean name="yo_want_toolbar_camV2" value="false" />
    <boolean name="ModOnlineColor_Gactive" value="false" />
    <string name="jaaam2">0</string>
    <boolean name="PicProf" value="false" />
    <string name="tabb">29</string>
    <int name="key_msnewscar" value="-855652655" />
    <boolean name="abu_saleh_toast_status_el" value="false" />
    <boolean name="key_msnewstab_Gactive" value="true" />
    <boolean name="SeenColor_Gactive" value="false" />
    <string name="ic_attachment_ia">2</string>
    <int name="abu_saleh_toast_typing_bc" value="-14639" />
    <int name="ModConPickColor_GCDir" value="0" />
    <string name="key_custom_icondown">3</string>
    <boolean name="ModChatColor_Gactive" value="true" />
    <string name="bubble_style">rounded</string>
    <boolean name="key_counter_bg_Gactive" value="false" />
    <boolean name="ModChatLeftBubble_Gactive" value="false" />
    <string name="ic_attachment_pix">3</string>
    <int name="ModChatColor_GCDir" value="0" />
    <boolean name="abu_saleh_key_fab_caht" value="false" />
    <boolean name="AttBt" value="false" />
    <int name="ModDarkConPickColor_GOrient" value="0" />
    <boolean name="HomeCounterText_Gactive" value="false" />
    <boolean name="getDefaultContactTypingColor_Gactive" value="false" />
    <int name="date_left_color" value="-12768733" />
    <boolean name="abu_saleh_toast_online_el" value="false" />
    <boolean name="ModDarkConPickColor_Gactive" value="true" />
    <boolean name="ModChatBubbleText_Gactive" value="false" />
    <string name="key_chats_listanimation">4</string>
    <int name="seekbar_color_chat_picker" value="-14639" />
    <boolean name="key_msnewscar_Gactive" value="true" />
    <string name="abu_saleh_toast_profile_gv">0</string>
    <int name="abu_saleh_toast_profile_bc_GOrient" value="0" />
    <boolean name="abu9aleh_status_audio" value="false" />
    <int name="statuses_bar_bg_picker" value="-14639" />
    <int name="quoted_name_picker" value="-1" />
    <int name="abu_saleh_toast_profile_bc_GC" value="-1" />
    <int name="HomeBarText" value="-12768733" />
    <boolean name="imsHideRStatus" value="false" />
    <boolean name="tittle_bold" value="false" />
    <string name="abu_saleh_toast_typing_gv">0</string>
    <boolean name="abu_saleh_toast_profile_view" value="false" />
    <boolean name="log_show_name_check" value="true" />
    <boolean name="on_shadow_text" value="false" />
    <int name="statuses_bar_text_picker" value="-12768733" />
    <boolean name="abu_saleh_toast_status_bc_check" value="true" />
    <string name="ic_attachment_location">2</string>
    <boolean name="ModHomeMentionIndBackground_Gactive" value="false" />
    <boolean name="key_header" value="true" />
    <boolean name="isSwipeEnabledV2" value="false" />
    <boolean name="Hide_contact_picker_section_other_contacts" value="false" />
    <string name="x_sound_incoming">0</string>
    <int name="fab_rounded_key" value="8" />
    <string name="menit">0</string>
    <boolean name="seekbar_color_chat_picker_Gactive" value="false" />
    <boolean name="enable_ig_stories" value="true" />
    <int name="ModConPickColor" value="-14639" />
    <boolean name="abu_saleh_toast_status_bc_Gactive" value="true" />
    <boolean name="abu_saleh_toast_profile_bc_check" value="true" />
    <boolean name="abu_saleh_toast_profile_tc_check" value="true" />
    <boolean name="admin_abosaleh" value="false" />
    <string name="key_story_view">0</string>
    <int name="getDefaultContactTypingColor" value="-12768733" />
    <boolean name="read_more" value="false" />
    <string name="abu_saleh_quickcontact">0</string>
    <boolean name="abu_saleh_toast_typing_el" value="false" />
    <string name="bubble_dimen">0</string>
    <int name="key_mas_setBackground_quick" value="-14639" />
    <boolean name="date_left_color_Gactive" value="false" />
    <boolean name="yo_want_nightmode" value="true" />
    <int name="ModConColor_GCDir" value="0" />
    <string name="abu_saleh_toast_online_gv">0</string>
    <int name="quickBK" value="-16386" />
    <boolean name="UnSeenColor_Gactive" value="false" />
    <boolean name="abu_saleh_hide_community_icon" value="true" />
    <boolean name="key_mas_setBackground_quick_Gactive" value="true" />
    <int name="key_msnewscar2" value="15" />
    <boolean name="abu_saleh_toast_typing_tc_check" value="true" />
    <int name="key_msnewscar1" value="-12768733" />
    <boolean name="abu_saleh_toast_profile_bc_Gactive" value="true" />
    <boolean name="custom_wall" value="false" />
    <boolean name="ModChatBubbleTextLeft_Gactive" value="false" />
    <boolean name="elapsed_time" value="false" />
    <boolean name="ModlastseenColor_Gactive" value="false" />
    <int name="ModHomeMentionIndBackground" value="-3023113" />
    <int name="key_updown_bgcolor" value="-16386" />
    <int name="key_msnewscar4" value="1" />
    <string name="x_sound_send_message">0</string>
    <boolean name="ModFabNormalColor_Gactive" value="false" />
    <string name="key_pager_animation">1</string>
    <boolean name="Audio_ears" value="false" />
    <string name="x_channelrow_fix">1</string>
    <int name="square_photo_ratio_picker" value="100" />
    <boolean name="statuses_bar_bg_picker_Gactive" value="true" />
    <int name="ModChatTextColor" value="-12768733" />
    <string name="x_ptt_stop_record">0</string>
    <string name="key_dial2">0</string>
    <string name="ic_attachment_contact">5</string>
    <string name="ic_attachment_audio">5</string>
    <string name="jamm2">0</string>
    <int name="ModConColor_GC" value="-1" />
    <int name="SeenColor" value="-14639" />
    <int name="ModOnlineColor" value="-12768733" />
</map>
