<?xml version='1.0' encoding='utf-8' standalone='yes' ?>
<map>
    <int name="quoted_text_picker" value="-10076871" />
    <int name="tittle_size" value="20" />
    <boolean name="disable_hiddenchat_access" value="false" />
    <boolean name="my_statusd" value="true" />
    <boolean name="imsHideVStatus" value="false" />
    <boolean name="abu_saleh_toast_profile_cs" value="true" />
    <int name="scdleft" value="2" />
    <int name="key_updown_iconcolor" value="-25117" />
    <boolean name="ModFabTextColor_Gactive" value="false" />
    <boolean name="Conv_call_btn" value="false" />
    <int name="abu_saleh_toast_typing_bc_GC" value="-1" />
    <int name="key_mas_border_avatar_quick_contact" value="-4868" />
    <int name="statuses_bar_bg_picker_GC" value="-1" />
    <boolean name="key_hide_unsaved_num" value="false" />
    <boolean name="HomeBarText_Gactive" value="false" />
    <boolean name="MetaAI" value="false" />
    <int name="key_dwh_size_row" value="81" />
    <boolean name="abu_saleh_toast_profile_el" value="false" />
    <boolean name="onlinechat" value="false" />
    <boolean name="enable_fivminstatus" value="true" />
    <string name="key_edit_hidden_msg">!!MENSAGEM OCULTA!!</string>
    <boolean name="key_tt" value="true" />
    <int name="HomeCounterBK" value="-25117" />
    <string name="key_chats_icon">11</string>
    <int name="ModChatBubbleTextLeft" value="-25117" />
    <boolean name="enable_grp_separationV2" value="true" />
    <int name="ModChatColor_GC" value="-1" />
    <int name="quoted_divider_picker" value="-1" />
    <boolean name="abu_saleh_toast_online_cs" value="true" />
    <int name="ModFabTextColor" value="-25117" />
    <boolean name="key_counter_tx_Gactive" value="false" />
    <boolean name="ModConTextColor_Gactive" value="false" />
    <boolean name="key_mstellchat2" value="true" />
    <int name="key_warDay" value="-16777216" />
    <boolean name="abu_saleh_toast_status_view" value="true" />
    <boolean name="key_mnt5" value="true" />
    <boolean name="yo_hideinfo" value="true" />
    <boolean name="key_mnt4" value="true" />
    <boolean name="key_mnt3" value="true" />
    <string name="ppsh">28</string>
    <boolean name="key_msnews_check" value="true" />
    <boolean name="key_grt" value="true" />
    <string name="ppsf">32</string>
    <boolean name="tabadgeBKColor_Gactive" value="false" />
    <boolean name="arch_chats_top" value="true" />
    <boolean name="key_scn4" value="true" />
    <boolean name="key_scn5" value="true" />
    <boolean name="key_scn2" value="true" />
    <boolean name="key_scn3" value="true" />
    <boolean name="abu_saleh_research" value="false" />
    <boolean name="onlineDotchat" value="false" />
    <string name="key_community_icon">12</string>
    <int name="key_msnewbottom1" value="-67114534" />
    <int name="key_msnewbottom2" value="12" />
    <boolean name="key_msnewstabin_check" value="true" />
    <int name="key_msnewbottom3" value="1" />
    <int name="ModlastseenColor" value="-10076871" />
    <boolean name="Hide_contact_picker_section_frequent_chats" value="false" />
    <boolean name="status_wantsendconfirmation" value="true" />
    <int name="ModDarkConPickColorNav" value="-25117" />
    <int name="key_msnewstab4" value="1" />
    <int name="key_msnewstab2" value="20" />
    <int name="key_msnewstab1" value="-25117" />
    <boolean name="key_headerRE" value="true" />
    <int name="abu_saleh_toast_online_bc" value="-4868" />
    <int name="abu_saleh_toast_typing_bc_GOrient" value="0" />
    <int name="quoted_bg_picker" value="-4868" />
    <boolean name="on_anim" value="true" />
    <boolean name="abu_saleh_toast_typing_view" value="true" />
    <int name="ModChatGStatusB_GCDir" value="0" />
    <int name="statuses_bar_bg_picker_GCDir" value="0" />
    <boolean name="statuschat" value="false" />
    <int name="sub_tittle_size" value="10" />
    <boolean name="ModDarkConPickColorNav_Gactive" value="false" />
    <int name="key_counter_bg" value="-25117" />
    <boolean name="key_msnews_Gactive" value="false" />
    <int name="ModChatColor" value="-4868" />
    <boolean name="hide_translation_icon" value="false" />
    <int name="abu_saleh_toast_status_bc" value="-4868" />
    <boolean name="HomeCounterBK_Gactive" value="false" />
    <int name="key_dwh_size_bannerC" value="160" />
    <boolean name="key_mstellC" value="true" />
    <boolean name="key_mstellB" value="true" />
    <int name="key_mas_icon_quickcontact" value="-16121599" />
    <boolean name="key_mnt2" value="true" />
    <boolean name="abu_saleh_toast_status_cs" value="true" />
    <boolean name="date_right_color_Gactive" value="false" />
    <int name="key_ms_icon" value="-9485789" />
    <string name="key_custom_iconup">0</string>
    <boolean name="key_grsHeader" value="true" />
    <int name="key_msnewstabin" value="-2974089" />
    <int name="abu_saleh_toast_status_bc_GOrient" value="0" />
    <boolean name="hide_fab" value="false" />
    <boolean name="ModChatGStatusT_Gactive" value="false" />
    <string name="ui_bottom_style">basic</string>
    <boolean name="my_name" value="true" />
    <int name="jmsize" value="15" />
    <boolean name="TxtSelect" value="true" />
    <int name="pagetitle_picker" value="-25117" />
    <int name="ModChatGStatusB_GC" value="-1" />
    <int name="abu_saleh_toast_profile_bc" value="-4868" />
    <boolean name="key_botPP" value="false" />
    <boolean name="hide_action_a" value="false" />
    <boolean name="key_meler1" value="true" />
    <boolean name="hide_action_b" value="false" />
    <boolean name="abu_saleh_toast_typing_bc_Gactive" value="true" />
    <int name="key_dwh_size_banner" value="220" />
    <boolean name="quoted_text_picker_Gactive" value="false" />
    <boolean name="key_name_stories_Gactive" value="false" />
    <boolean name="key_dateR2" value="true" />
    <boolean name="statuses_bar_text_picker_Gactive" value="false" />
    <boolean name="key_story_border_Gactive" value="false" />
    <int name="key_msnewsf2" value="12" />
    <int name="key_msnewsf1" value="-10001" />
    <boolean name="key_comun" value="true" />
    <int name="ModDarkConPickColor_GC" value="-1" />
    <int name="text_size_pick" value="15" />
    <int name="key_ms_bordab" value="-1" />
    <int name="key_msnews_GC" value="-1" />
    <string name="key_chat_animation">0</string>
    <boolean name="key_updown_bgcolor_Gactive" value="true" />
    <string name="key_quick_position">top</string>
    <boolean name="quoted_bg_picker_Gactive" value="true" />
    <string name="menit3">0</string>
    <string name="menit2">0</string>
    <string name="menit1">0</string>
    <boolean name="hide_action_s" value="false" />
    <int name="ModFabNormalColor" value="-4868" />
    <boolean name="key_msbot" value="false" />
    <boolean name="hide_action_l" value="false" />
    <boolean name="hide_action_m" value="false" />
    <string name="key_admicon_list">0</string>
    <int name="abu_saleh_toast_typing_tc" value="-25117" />
    <int name="UnSeenColor" value="-25117" />
    <boolean name="abu_saleh_toast_online_bc_check" value="true" />
    <int name="date_right_color" value="-16121599" />
    <string name="jamm">0</string>
    <string name="abu_saleh_toast_status_gv">0</string>
    <boolean name="NameProf" value="false" />
    <int name="mntleft" value="2" />
    <boolean name="key_mstell" value="true" />
    <boolean name="key_chilexs001" value="true" />
    <int name="quickText" value="-1" />
    <int name="key_msnewscar_GOrient" value="0" />
    <boolean name="ModChaSendBKColor_Gactive" value="false" />
    <int name="key_msnewbottom" value="-67114534" />
    <boolean name="tittle_center" value="false" />
    <boolean name="pagetitle_sel_picker_Gactive" value="false" />
    <int name="key_msnewstab4in" value="1" />
    <boolean name="key_dg1" value="true" />
    <boolean name="key_hide_scrolldown" value="false" />
    <int name="ModDarkConPickColor" value="-25117" />
    <boolean name="key_dg2" value="true" />
    <int name="ModConTextColor" value="-10076871" />
    <int name="key_msnews_GOrient" value="0" />
    <boolean name="disableDTTL" value="false" />
    <boolean name="key_with_thumb" value="false" />
    <int name="TextDateDrawer2" value="-16777216" />
    <int name="key_updown_bgcolor_GC" value="-1" />
    <boolean name="key_scn" value="true" />
    <int name="abu_saleh_toast_typing_rd" value="23" />
    <boolean name="key_dg5" value="true" />
    <boolean name="key_dg6" value="true" />
    <string name="jaaam2">0</string>
    <boolean name="key_dg3" value="true" />
    <boolean name="key_dg4" value="true" />
    <boolean name="date_divider_color_picker_Gactive" value="false" />
    <boolean name="key_dg7" value="true" />
    <boolean name="key_dg8" value="true" />
    <boolean name="abu_saleh_toast_status_el" value="false" />
    <boolean name="SeenColor_Gactive" value="false" />
    <boolean name="btn_voice_color_chat_picker_Gactive" value="false" />
    <int name="ModChatBtnColor" value="-10076871" />
    <boolean name="key_counter_bg_Gactive" value="false" />
    <boolean name="ModChatLeftBubble_Gactive" value="false" />
    <int name="ModChatColor_GCDir" value="0" />
    <boolean name="abu_saleh_key_fab_caht" value="false" />
    <int name="ModDarkConPickColor_GOrient" value="0" />
    <boolean name="key_frameAtas" value="true" />
    <boolean name="getDefaultContactTypingColor_Gactive" value="false" />
    <boolean name="abu_saleh_toast_online_el" value="false" />
    <int name="key_msnewstab1in" value="-4901" />
    <boolean name="ModDarkConPickColor_Gactive" value="false" />
    <boolean name="ModChatBubbleText_Gactive" value="false" />
    <int name="seekbar_color_chat_picker" value="-25117" />
    <int name="ModFabPressedColor" value="-1" />
    <boolean name="key_msnewscar_Gactive" value="true" />
    <int name="abu_saleh_toast_profile_bc_GOrient" value="0" />
    <int name="statuses_bar_bg_picker" value="-4868" />
    <int name="ModChatGStatusB" value="-4868" />
    <int name="HomeBarText" value="-25117" />
    <boolean name="imsHideRStatus" value="false" />
    <boolean name="key_headerREnew" value="false" />
    <int name="ModChatGStatusT" value="-25117" />
    <boolean name="tittle_bold" value="false" />
    <boolean name="abu_saleh_toast_profile_view" value="false" />
    <boolean name="key_hour3" value="true" />
    <boolean name="key_hour2" value="true" />
    <int name="statuses_bar_text_picker" value="-25117" />
    <boolean name="abu_saleh_toast_status_bc_check" value="true" />
    <boolean name="ModHomeMentionIndBackground_Gactive" value="false" />
    <boolean name="isSwipeEnabledV2" value="false" />
    <boolean name="seekbar_color_chat_picker_Gactive" value="false" />
    <int name="Dleft" value="2" />
    <boolean name="key_hour5" value="true" />
    <boolean name="abu_saleh_toast_profile_tc_check" value="true" />
    <boolean name="key_hour4" value="true" />
    <boolean name="admin_abosaleh" value="false" />
    <string name="key_group_icon">8</string>
    <int name="key_ms_Perffnew" value="-1" />
    <int name="getDefaultContactTypingColor" value="-25117" />
    <boolean name="read_more" value="false" />
    <int name="key_msnewstab2in" value="12" />
    <string name="abu_saleh_quickcontact">0</string>
    <int name="key_mas_setBackground_quick" value="-4868" />
    <boolean name="yo_want_nightmode" value="false" />
    <boolean name="key_updown_bgcolor_check" value="true" />
    <string name="abu_saleh_toast_online_gv">0</string>
    <int name="quickBK" value="-14833055" />
    <boolean name="abu_saleh_hide_community_icon" value="false" />
    <boolean name="key_grsPx2" value="true" />
    <boolean name="abu_saleh_toast_typing_tc_check" value="true" />
    <boolean name="abu_saleh_toast_profile_bc_Gactive" value="true" />
    <boolean name="ModChatBubbleTextLeft_Gactive" value="false" />
    <boolean name="ModChatEntry_Gactive" value="false" />
    <boolean name="key_dayToxE" value="true" />
    <boolean name="ModFabNormalColor_Gactive" value="false" />
    <string name="key_pager_animation">0</string>
    <boolean name="Audio_ears" value="false" />
    <int name="ModChatEntry" value="-4868" />
    <int name="square_photo_ratio_picker" value="100" />
    <boolean name="statuses_bar_bg_picker_Gactive" value="true" />
    <boolean name="key_regg" value="true" />
    <string name="key_status_ui">0</string>
    <string name="hazar_bozkurt_sesler_gidenmesaj">0</string>
    <string name="key_dial1">0</string>
    <string name="key_dial3">0</string>
    <string name="key_dial2">0</string>
    <int name="ModConColor_GC" value="-1" />
    <boolean name="key_headerNA" value="true" />
    <boolean name="key_headerNB" value="true" />
    <int name="SeenColor" value="-4868" />
    <int name="ModOnlineColor" value="-10076871" />
    <int name="key_msnews4" value="1" />
    <boolean name="abu_saleh_status_and_photo" value="true" />
    <int name="key_msnews1" value="-2130706433" />
    <int name="ModChaSendBKColor" value="-4868" />
    <int name="key_msnews2" value="12" />
    <string name="x_statusesrow_fix">1</string>
    <boolean name="key_ms4" value="true" />
    <boolean name="key_ms5" value="true" />
    <boolean name="key_ms2" value="true" />
    <boolean name="key_ms3" value="true" />
    <boolean name="abu_saleh_toast_typing_bc_check" value="true" />
    <int name="abu_saleh_toast_profile_tc" value="-25117" />
    <int name="abu_saleh_toast_online_rd" value="23" />
    <boolean name="ModContactNameColor_Gactive" value="false" />
    <int name="key_ms_Perff" value="-1" />
    <boolean name="newAttach_BottomDesign" value="false" />
    <boolean name="Hide_div" value="true" />
    <boolean name="yo_want_ghostmode" value="true" />
    <boolean name="key_ms6" value="true" />
    <boolean name="key_ms7" value="true" />
    <boolean name="key_mas_hide_archive_home" value="false" />
    <boolean name="key_hour" value="true" />
    <string name="jammnew">0</string>
    <string name="key_status_icon">15</string>
    <int name="key_meler" value="-25117" />
    <boolean name="abu_saleh_toast_online_bc_Gactive" value="true" />
    <string name="pp0">32</string>
    <boolean name="abu_saleh_forward_tovoice" value="false" />
    <boolean name="key_msnewbottom_Gactive" value="true" />
    <string name="detik3">0</string>
    <string name="detik1">0</string>
    <string name="detik2">0</string>
    <int name="abu_saleh_toast_status_bc_GC" value="-1" />
    <string name="ui_home_styleV3">basic</string>
    <int name="quoted_bg_picker_GCDir" value="0" />
    <int name="key_msnews" value="-212260" />
    <boolean name="abu_saleh_toast_status_tc_check" value="true" />
    <int name="ModHomeMentionIconColor" value="-4868" />
    <int name="key_ms_bordabAA" value="-25408" />
    <int name="key_updown_bgcolor_GOrient" value="0" />
    <int name="abu_saleh_toast_online_tc" value="-25117" />
    <boolean name="Fake_chat_real" value="false" />
    <boolean name="bubble_more_options_dlg" value="false" />
    <boolean name="hide_action_mas" value="false" />
    <boolean name="key_method_endgp" value="false" />
    <boolean name="key_msnewscar_check" value="true" />
    <boolean name="Hide_contact_picker_section_recent_chats" value="false" />
    <int name="key_counter_tx" value="-4868" />
    <boolean name="abosaleh_mention_member" value="false" />
    <int name="HomeCounterText" value="-4868" />
    <boolean name="key_mas_setBackground_quick_check" value="true" />
    <boolean name="direkt_link_degistir" value="true" />
    <string name="pps">32</string>
    <boolean name="key_mnt" value="true" />
    <int name="BGColor" value="-4868" />
    <boolean name="enable_statuspage_extras" value="true" />
    <boolean name="key_msnewstab_check" value="true" />
    <boolean name="pagetitle_picker_Gactive" value="false" />
    <boolean name="banner_clock" value="true" />
    <boolean name="abu_saleh_play_voice_note" value="false" />
    <boolean name="quoted_divider_picker_Gactive" value="false" />
    <boolean name="key_mstellchat" value="true" />
    <int name="ModChatEmojiColor" value="-10076871" />
    <boolean name="ModChaSendColor_Gactive" value="false" />
    <int name="ModChaSendColor" value="-25117" />
    <int name="key_ms_name" value="-16316922" />
    <int name="pagetitle_sel_picker" value="-25117" />
    <boolean name="key_send_hidden_msg" value="false" />
    <boolean name="onlineDotchatColor_Gactive" value="false" />
    <int name="key_msnewbottom_GC" value="-1" />
    <boolean name="key_meler_Gactive" value="false" />
    <int name="tabadgeBKColor" value="-857115" />
    <boolean name="home_imgBK" value="true" />
    <boolean name="quoted_name_picker_Gactive" value="false" />
    <int name="abu_saleh_toast_status_tc" value="-25117" />
    <boolean name="custom_wall_profilepic" value="false" />
    <boolean name="stkr_wantsendconfirmation" value="true" />
    <int name="tabadgeTextColor" value="-4868" />
    <string name="ConvoEntry">12</string>
    <int name="ModConColor" value="-4868" />
    <int name="key_msnewscar_GC" value="-1375731713" />
    <string name="x_callsrow_fix">1</string>
    <string name="tick_style">bpg</string>
    <int name="ModConPickColor_GC" value="-1" />
    <int name="abu_saleh_toast_profile_rd" value="23" />
    <int name="key_msnewbottom_GOrient" value="0" />
    <boolean name="key_hide_scrollup" value="false" />
    <boolean name="ModDarkConPickColor_check" value="true" />
    <boolean name="imsHideMStatus" value="false" />
    <boolean name="ModChatTextColor_Gactive" value="false" />
    <boolean name="key_quick_view" value="false" />
    <int name="mas_latarkontak2" value="-25117" />
    <int name="BGColor_GC" value="-1" />
    <boolean name="PicHead" value="false" />
    <boolean name="ModFabPressedColor_Gactive" value="false" />
    <string name="inconvo_trans_option">in-y</string>
    <boolean name="key_newphoto" value="false" />
    <int name="abu_saleh_toast_status_rd" value="23" />
    <boolean name="ModConPickColor_Gactive" value="true" />
    <string name="HomeEntry">yousef</string>
    <string name="hazar_bozkurt_sesler_gelenmesaj">0</string>
    <int name="date_divider_color_picker" value="-25117" />
    <int name="main_text" value="12" />
    <boolean name="ModChatRightBubble_Gactive" value="false" />
    <boolean name="key_msnewstabin_Gactive" value="false" />
    <boolean name="ModConColor_Gactive" value="true" />
    <int name="key_name_stories" value="-10076871" />
    <int name="ModChatBubbleText" value="-25117" />
    <int name="rvkdmsg_icon_color" value="-25117" />
    <boolean name="key_jamR" value="true" />
    <boolean name="ModDarkConPickColorNav_check" value="true" />
    <boolean name="hide_banner" value="false" />
    <boolean name="ModChatGStatusB_Gactive" value="true" />
    <int name="ModContactNameColor" value="-25117" />
    <boolean name="Audio_sensor" value="true" />
    <boolean name="MasOption" value="false" />
    <string name="menitnew">0</string>
    <boolean name="abu_saleh_toast_typing_cs" value="true" />
    <int name="key_msnewstab" value="-1375731713" />
    <boolean name="abu_saleh_toast_online_tc_check" value="true" />
    <boolean name="tabadgeTextColor_Gactive" value="false" />
    <int name="key_mas_setText_contact_name" value="-25117" />
    <boolean name="BGColor_Gactive" value="false" />
    <int name="abu_saleh_toast_online_bc_GC" value="-1" />
    <int name="key_ms_bordabA" value="-1" />
    <boolean name="isDialogConfirmed" value="true" />
    <boolean name="ModChatEmojiColor_Gactive" value="false" />
    <boolean name="ModChatBtnColor_Gactive" value="false" />
    <int name="ModChatRightBubble" value="-1157627905" />
    <boolean name="ModHomeMentionIconColor_Gactive" value="false" />
    <int name="ModChatLeftBubble" value="-1157627905" />
    <int name="abu_saleh_toast_online_bc_GOrient" value="0" />
    <boolean name="key_jamX" value="true" />
    <int name="quoted_bg_picker_GC" value="-262145" />
    <boolean name="abu_saleh_toast_online_view" value="true" />
    <boolean name="yo_want_airplanemode" value="true" />
    <string name="x_anim_style">0</string>
    <boolean name="yo_multi_account_menu" value="false" />
    <string name="papan">0</string>
    <boolean name="yo_want_toolbar_camV2" value="false" />
    <boolean name="ModOnlineColor_Gactive" value="false" />
    <string name="tabb">0</string>
    <boolean name="PicProf" value="false" />
    <int name="BGColor_GCDir" value="0" />
    <int name="key_msnewscar" value="-4868" />
    <boolean name="key_msnewstab_Gactive" value="false" />
    <boolean name="key_msbb003" value="false" />
    <boolean name="key_updown_iconcolor_check" value="true" />
    <int name="abu_saleh_toast_typing_bc" value="-4868" />
    <int name="ModConPickColor_GCDir" value="0" />
    <string name="key_custom_icondown">0</string>
    <string name="bubble_style">cvios</string>
    <boolean name="ModChatColor_Gactive" value="true" />
    <boolean name="HomeCounterText_Gactive" value="false" />
    <string name="papannew">6</string>
    <int name="date_left_color" value="-16121599" />
    <string name="key_chats_listanimation">0</string>
    <boolean name="key_digitR" value="true" />
    <string name="abu_saleh_toast_profile_gv">0</string>
    <boolean name="abu9aleh_status_audio" value="false" />
    <int name="quoted_name_picker" value="-25117" />
    <int name="abu_saleh_toast_profile_bc_GC" value="-1" />
    <boolean name="key_grt2" value="true" />
    <boolean name="key_msnewbottom_check" value="true" />
    <boolean name="key_grt3" value="true" />
    <boolean name="key_grt4" value="true" />
    <string name="abu_saleh_toast_typing_gv">0</string>
    <boolean name="on_shadow_text" value="false" />
    <boolean name="key_reggC" value="true" />
    <boolean name="key_header" value="true" />
    <boolean name="Hide_contact_picker_section_other_contacts" value="false" />
    <int name="fab_rounded_key" value="12" />
    <string name="menit">0</string>
    <boolean name="hide_custom" value="false" />
    <boolean name="mstela2" value="true" />
    <int name="key_story_border" value="-25408" />
    <boolean name="enable_ig_stories" value="true" />
    <int name="ModConPickColor" value="-4868" />
    <boolean name="mstela1" value="true" />
    <int name="Dhourleft" value="2" />
    <boolean name="abu_saleh_toast_status_bc_Gactive" value="true" />
    <boolean name="abu_saleh_toast_profile_bc_check" value="true" />
    <string name="key_story_view">0</string>
    <boolean name="abu_saleh_toast_typing_el" value="false" />
    <string name="bubble_dimen">1</string>
    <boolean name="date_left_color_Gactive" value="false" />
    <boolean name="rvkdmsg_icon_color_Gactive" value="false" />
    <int name="ModConColor_GCDir" value="0" />
    <int name="key_ms_name_clock4" value="-16777216" />
    <boolean name="UnSeenColor_Gactive" value="false" />
    <int name="key_ms_name_clock3" value="-16777216" />
    <boolean name="key_mas_setBackground_quick_Gactive" value="false" />
    <int name="key_msnewscar2" value="12" />
    <int name="key_msnewscar1" value="-25117" />
    <boolean name="custom_wall" value="false" />
    <boolean name="elapsed_time" value="false" />
    <boolean name="abu_saleh_hide_list" value="true" />
    <int name="btn_voice_color_chat_picker" value="-25117" />
    <string name="key_calls_icon">16</string>
    <boolean name="ModlastseenColor_Gactive" value="false" />
    <int name="onlineDotchatColor" value="-857115" />
    <int name="ModHomeMentionIndBackground" value="-25117" />
    <int name="key_updown_bgcolor" value="-4868" />
    <int name="key_msnewscar4" value="1" />
    <string name="x_channelrow_fix">1</string>
    <int name="ModChatTextColor" value="-25117" />
    <int name="key_ms_name_clock2" value="-16777216" />
    <int name="key_ms_name_clock1" value="-16777216" />
    <string name="jamm2">0</string>
    <string name="jamm1">0</string>
    <string name="jamm3">0</string>
</map>
