<?xml version='1.0' encoding='utf-8' standalone='yes' ?>
<map>
    <boolean name="abu_saleh_status_and_photo" value="true" />
    <int name="quoted_text_picker" value="-16777216" />
    <string name="x_statusesrow_fix">3</string>
    <int name="tittle_size" value="20" />
    <boolean name="disable_hiddenchat_access" value="false" />
    <boolean name="my_statusd" value="false" />
    <boolean name="abu_saleh_toast_typing_bc_check" value="true" />
    <boolean name="imsHideVStatus" value="false" />
    <boolean name="abu_saleh_toast_profile_cs" value="true" />
    <int name="abu_saleh_toast_profile_tc" value="-4362" />
    <int name="key_updown_iconcolor" value="-4362" />
    <int name="abu_saleh_toast_online_rd" value="23" />
    <boolean name="ModContactNameColor_Gactive" value="false" />
    <boolean name="newAttach_BottomDesign" value="false" />
    <string name="animation_drawableshatssss">11</string>
    <boolean name="quickBK_Gactive" value="false" />
    <boolean name="Hide_div" value="false" />
    <boolean name="yo_want_ghostmode" value="true" />
    <int name="statuses_bar_bg_picker_GC" value="-1" />
    <boolean name="key_mas_hide_archive_home" value="false" />
    <boolean name="key_hide_unsaved_num" value="false" />
    <int name="ModDarkConPickColorNav_GC" value="-1" />
    <boolean name="HomeBarText_Gactive" value="false" />
    <int name="intensitasshatrs" value="5" />
    <boolean name="MetaAI" value="false" />
    <int name="key_dwh_size_row" value="80" />
    <boolean name="abu_saleh_toast_online_bc_Gactive" value="false" />
    <string name="pp0">1</string>
    <boolean name="abu_saleh_forward_tovoice" value="false" />
    <boolean name="abu_saleh_toast_profile_el" value="false" />
    <boolean name="onlinechat" value="false" />
    <string name="detik2">8</string>
    <boolean name="enable_fivminstatus" value="true" />
    <string name="ui_home_styleV3">ios</string>
    <string name="key_edit_hidden_msg">!!MENSAGEM OCULTA!!</string>
    <boolean name="key_tt" value="true" />
    <int name="quoted_bg_picker_GCDir" value="0" />
    <int name="HomeCounterBK" value="-25645" />
    <int name="ModChatBubbleTextLeft" value="-25645" />
    <boolean name="abu_saleh_toast_status_tc_check" value="true" />
    <int name="ModHomeMentionIconColor" value="-1" />
    <int name="ModChatColor_GC" value="-1" />
    <boolean name="enable_grp_separationV2" value="true" />
    <int name="quoted_divider_picker" value="-25645" />
    <int name="abu_saleh_toast_online_tc" value="-4362" />
    <boolean name="abu_saleh_toast_online_cs" value="true" />
    <boolean name="key_counter_tx_Gactive" value="false" />
    <boolean name="bubble_more_options_dlg" value="false" />
    <boolean name="ModConTextColor_Gactive" value="false" />
    <string name="ic_attachment_bg">0</string>
    <boolean name="hide_action_mas" value="false" />
    <boolean name="abu_saleh_toast_status_view" value="true" />
    <boolean name="key_method_endgp" value="false" />
    <boolean name="key_msnewscar_check" value="true" />
    <boolean name="yo_hideinfo" value="true" />
    <string name="animation_drawable">2</string>
    <boolean name="Hide_contact_picker_section_recent_chats" value="false" />
    <int name="key_counter_tx" value="-16777216" />
    <boolean name="abosaleh_mention_member" value="false" />
    <int name="HomeCounterText" value="-1" />
    <boolean name="direkt_link_degistir" value="false" />
    <int name="ModDarkConPickColorNav_GOrient" value="0" />
    <string name="ppsf">1</string>
    <boolean name="arch_chats_top" value="true" />
    <boolean name="quickBK_check" value="true" />
    <int name="key_msnewshader" value="-25645" />
    <boolean name="abu_saleh_research" value="false" />
    <boolean name="onlineDotchat" value="false" />
    <string name="pps">0</string>
    <boolean name="Hide_contact_picker_section_frequent_chats" value="false" />
    <boolean name="status_wantsendconfirmation" value="true" />
    <int name="ModDarkConPickColorNav" value="-25645" />
    <int name="key_msnewstab4" value="1" />
    <int name="key_msnewstab2" value="8" />
    <int name="key_msnewstab1" value="-25645" />
    <boolean name="enable_statuspage_extras" value="true" />
    <int name="abu_saleh_toast_online_bc" value="-25645" />
    <int name="quoted_bg_picker" value="-25645" />
    <boolean name="key_msnewstab_check" value="true" />
    <boolean name="on_anim" value="true" />
    <boolean name="hrotation" value="false" />
    <int name="speedshats" value="10" />
    <boolean name="abu_saleh_toast_typing_view" value="true" />
    <boolean name="pagetitle_picker_Gactive" value="false" />
    <int name="statuses_bar_bg_picker_GCDir" value="0" />
    <boolean name="hide_perfil" value="false" />
    <string name="last_seen">Soy A Moanna </string>
    <boolean name="banner_clock" value="false" />
    <boolean name="abu_saleh_play_voice_note" value="false" />
    <boolean name="quoted_divider_picker_Gactive" value="false" />
    <int name="sub_tittle_size" value="10" />
    <int name="pagetitle_sel_picker" value="-3175324" />
    <boolean name="ModDarkConPickColorNav_Gactive" value="true" />
    <boolean name="key_send_hidden_msg" value="false" />
    <int name="ModChatColor" value="-25645" />
    <int name="key_ms_headerR" value="-25645" />
    <boolean name="hide_translation_icon" value="false" />
    <int name="abu_saleh_toast_status_bc" value="-25645" />
    <boolean name="emojipopup_header_Gactive" value="false" />
    <boolean name="HomeCounterBK_Gactive" value="false" />
    <boolean name="home_imgBK" value="true" />
    <boolean name="quoted_name_picker_Gactive" value="false" />
    <int name="abu_saleh_toast_status_tc" value="-4362" />
    <boolean name="custom_wall_profilepic" value="false" />
    <boolean name="abu_saleh_toast_status_cs" value="true" />
    <boolean name="stkr_wantsendconfirmation" value="true" />
    <boolean name="date_right_color_Gactive" value="false" />
    <boolean name="quickText_check" value="true" />
    <int name="tabadgeTextColor" value="-16777216" />
    <string name="ConvoEntry">7</string>
    <int name="ModConColor" value="-25645" />
    <string name="key_custom_iconup">8</string>
    <boolean name="key_grsHeader" value="true" />
    <string name="ic_attachment_galery">0</string>
    <string name="x_callsrow_fix">3</string>
    <string name="ic_attachment_poll">0</string>
    <string name="tick_style">oldwaca</string>
    <int name="ModConPickColor_GC" value="-1" />
    <string name="ic_attachment_device">0</string>
    <boolean name="hide_fab" value="false" />
    <int name="abu_saleh_toast_profile_rd" value="23" />
    <boolean name="key_hide_scrollup" value="false" />
    <boolean name="ModDarkConPickColor_check" value="true" />
    <int name="tabindicator" value="-3175324" />
    <boolean name="ModChatTextColor_Gactive" value="false" />
    <boolean name="imsHideMStatus" value="false" />
    <string name="ui_bottom_style">ios</string>
    <int name="speed" value="10" />
    <boolean name="key_quick_view" value="false" />
    <boolean name="my_name" value="false" />
    <int name="mas_latarkontak2" value="-25645" />
    <boolean name="TxtSelect" value="true" />
    <int name="pagetitle_picker" value="-3175324" />
    <int name="abu_saleh_toast_profile_bc" value="-25645" />
    <string name="key_change_the_entry">X WhatsApp</string>
    <boolean name="PicHead" value="false" />
    <boolean name="key_ms_headerR_Gactive" value="false" />
    <boolean name="key_botPP" value="false" />
    <boolean name="hide_action_a" value="false" />
    <boolean name="hide_action_b" value="false" />
    <string name="inconvo_trans_option">in-y</string>
    <string name="x_ptt_start_record">0</string>
    <boolean name="abu_saleh_toast_typing_bc_Gactive" value="false" />
    <boolean name="key_msnewshader_check" value="true" />
    <boolean name="quoted_text_picker_Gactive" value="false" />
    <boolean name="key_name_stories_Gactive" value="false" />
    <int name="abu_saleh_toast_status_rd" value="23" />
    <boolean name="crotation" value="false" />
    <boolean name="ModConPickColor_Gactive" value="true" />
    <string name="HomeEntry">xwa2</string>
    <boolean name="statuses_bar_text_picker_Gactive" value="false" />
    <int name="key_msnewshader_GOrient" value="0" />
    <int name="main_text" value="17" />
    <boolean name="key_comun" value="true" />
    <boolean name="ModConColor_Gactive" value="true" />
    <int name="ModDarkConPickColor_GC" value="-1" />
    <int name="text_size_pick" value="15" />
    <string name="ic_attachment_event">0</string>
    <int name="key_name_stories" value="-16777216" />
    <int name="ModChatBubbleText" value="-25645" />
    <string name="key_chat_animation">2</string>
    <boolean name="ModDarkConPickColorNav_check" value="true" />
    <boolean name="hide_banner" value="false" />
    <string name="key_quick_position">top</string>
    <boolean name="quoted_bg_picker_Gactive" value="true" />
    <string name="menit2">0</string>
    <boolean name="hide_action_s" value="false" />
    <int name="ModFabNormalColor" value="-4362" />
    <boolean name="hide_action_l" value="false" />
    <boolean name="hide_action_m" value="false" />
    <int name="ModContactNameColor" value="-15985891" />
    <boolean name="Audio_sensor" value="true" />
    <boolean name="MasOption" value="false" />
    <string name="key_admicon_list">0</string>
    <boolean name="abu_saleh_toast_typing_cs" value="true" />
    <int name="key_msnewstab" value="-855638017" />
    <int name="abu_saleh_toast_typing_tc" value="-4362" />
    <int name="UnSeenColor" value="-3175324" />
    <boolean name="abu_saleh_toast_online_tc_check" value="true" />
    <boolean name="tabadgeTextColor_Gactive" value="false" />
    <boolean name="abu_saleh_toast_online_bc_check" value="true" />
    <int name="date_right_color" value="-16777216" />
    <int name="emojipopup_body" value="-4362" />
    <string name="jamm">0</string>
    <int name="intensitas" value="5" />
    <string name="abu_saleh_toast_status_gv">0</string>
    <boolean name="isDialogConfirmed" value="true" />
    <boolean name="emojipopup_body_Gactive" value="false" />
    <boolean name="ModHomeMentionIconColor_Gactive" value="false" />
    <int name="quickText" value="-25645" />
    <boolean name="key_snow_chats" value="false" />
    <boolean name="key_snow_home" value="false" />
    <boolean name="tittle_center" value="false" />
    <boolean name="pagetitle_sel_picker_Gactive" value="false" />
    <int name="quoted_bg_picker_GC" value="-1" />
    <boolean name="abu_saleh_toast_online_view" value="true" />
    <string name="x_anim_style">0</string>
    <boolean name="yo_want_airplanemode" value="true" />
    <boolean name="key_hide_scrolldown" value="false" />
    <int name="ModDarkConPickColor" value="-25645" />
    <string name="ic_attachment_cam">0</string>
    <boolean name="yo_multi_account_menu" value="false" />
    <int name="ModConTextColor" value="-16777216" />
    <string name="ic_attachment_documents">0</string>
    <boolean name="disableDTTL" value="false" />
    <boolean name="key_with_thumb" value="false" />
    <string name="papan">1</string>
    <int name="abu_saleh_toast_typing_rd" value="23" />
    <boolean name="yo_want_toolbar_camV2" value="false" />
    <string name="jaaam2">14</string>
    <string name="tabb">25</string>
    <int name="key_msnewscar" value="0" />
    <boolean name="abu_saleh_toast_status_el" value="false" />
    <boolean name="key_msnewstab_Gactive" value="false" />
    <boolean name="SeenColor_Gactive" value="false" />
    <boolean name="key_updown_iconcolor_check" value="false" />
    <string name="ic_attachment_ia">0</string>
    <int name="key_msnewshader_GC" value="-1" />
    <int name="abu_saleh_toast_typing_bc" value="-25645" />
    <int name="ModConPickColor_GCDir" value="0" />
    <string name="key_custom_icondown">1</string>
    <string name="bubble_style">alfab04</string>
    <boolean name="ModChatColor_Gactive" value="true" />
    <string name="ic_attachment_pix">0</string>
    <int name="ModChatColor_GCDir" value="0" />
    <boolean name="abu_saleh_key_fab_caht" value="false" />
    <int name="ModDarkConPickColor_GOrient" value="0" />
    <boolean name="HomeCounterText_Gactive" value="false" />
    <int name="date_left_color" value="-16777216" />
    <boolean name="getDefaultContactTypingColor_Gactive" value="false" />
    <boolean name="abu_saleh_toast_online_el" value="false" />
    <boolean name="ModDarkConPickColor_Gactive" value="true" />
    <boolean name="ModChatBubbleText_Gactive" value="false" />
    <string name="key_chats_listanimation">2</string>
    <int name="seekbar_color_chat_picker" value="-25645" />
    <boolean name="key_msnewscar_Gactive" value="false" />
    <string name="abu_saleh_toast_profile_gv">0</string>
    <boolean name="abu9aleh_status_audio" value="false" />
    <int name="statuses_bar_bg_picker" value="-25645" />
    <int name="quoted_name_picker" value="-1" />
    <int name="emojipopup_header" value="-4362" />
    <boolean name="key_msnewshader_Gactive" value="true" />
    <int name="HomeBarText" value="-16777216" />
    <boolean name="imsHideRStatus" value="false" />
    <boolean name="tittle_bold" value="false" />
    <string name="abu_saleh_toast_typing_gv">0</string>
    <boolean name="abu_saleh_toast_profile_view" value="true" />
    <boolean name="on_shadow_text" value="false" />
    <boolean name="tabindicator_Gactive" value="false" />
    <int name="statuses_bar_text_picker" value="-16777216" />
    <boolean name="abu_saleh_toast_status_bc_check" value="true" />
    <string name="ic_attachment_location">0</string>
    <boolean name="ModHomeMentionIndBackground_Gactive" value="false" />
    <boolean name="key_header" value="false" />
    <boolean name="isSwipeEnabledV2" value="false" />
    <boolean name="Hide_contact_picker_section_other_contacts" value="false" />
    <string name="x_sound_incoming">0</string>
    <int name="fab_rounded_key" value="32" />
    <string name="menit">0</string>
    <boolean name="seekbar_color_chat_picker_Gactive" value="false" />
    <boolean name="enable_ig_stories" value="true" />
    <int name="ModConPickColor" value="-25645" />
    <boolean name="abu_saleh_toast_status_bc_Gactive" value="false" />
    <boolean name="abu_saleh_toast_profile_bc_check" value="true" />
    <boolean name="abu_saleh_toast_profile_tc_check" value="true" />
    <boolean name="admin_abosaleh" value="false" />
    <string name="key_story_view">1</string>
    <int name="getDefaultContactTypingColor" value="-3175324" />
    <boolean name="read_more" value="false" />
    <string name="abu_saleh_quickcontact">4</string>
    <boolean name="abu_saleh_toast_typing_el" value="false" />
    <string name="bubble_dimen">1</string>
    <int name="key_mas_setBackground_quick" value="-4362" />
    <boolean name="date_left_color_Gactive" value="false" />
    <boolean name="yo_want_nightmode" value="true" />
    <int name="ModConColor_GCDir" value="0" />
    <string name="abu_saleh_toast_online_gv">0</string>
    <int name="quickBK" value="-4362" />
    <boolean name="UnSeenColor_Gactive" value="false" />
    <boolean name="abu_saleh_hide_community_icon" value="true" />
    <int name="key_msnewscar2" value="12" />
    <boolean name="abu_saleh_toast_typing_tc_check" value="true" />
    <boolean name="abu_saleh_toast_profile_bc_Gactive" value="false" />
    <boolean name="custom_wall" value="false" />
    <boolean name="ModChatBubbleTextLeft_Gactive" value="false" />
    <boolean name="elapsed_time" value="false" />
    <int name="ModHomeMentionIndBackground" value="-25645" />
    <int name="key_updown_bgcolor" value="-25645" />
    <string name="x_sound_send_message">0</string>
    <boolean name="ModFabNormalColor_Gactive" value="false" />
    <string name="key_pager_animation">1</string>
    <boolean name="Audio_ears" value="false" />
    <string name="x_channelrow_fix">3</string>
    <int name="square_photo_ratio_picker" value="100" />
    <boolean name="statuses_bar_bg_picker_Gactive" value="true" />
    <int name="ModChatTextColor" value="-25645" />
    <string name="x_ptt_stop_record">0</string>
    <string name="key_dial2">0</string>
    <string name="ic_attachment_contact">0</string>
    <string name="ic_attachment_audio">0</string>
    <string name="jamm2">0</string>
    <int name="ModConColor_GC" value="-1" />
    <int name="SeenColor" value="-25645" />
</map>
