<?xml version='1.0' encoding='utf-8' standalone='yes' ?>
<map>
    <boolean name="abu_saleh_status_and_photo" value="true" />
    <string name="x_statusesrow_fix">1</string>
    <int name="quoted_text_picker" value="-4579275" />
    <int name="tittle_size" value="20" />
    <boolean name="disable_hiddenchat_access" value="true" />
    <boolean name="my_statusd" value="true" />
    <boolean name="imsHideVStatus" value="true" />
    <int name="key_updown_iconcolor" value="-4362" />
    <boolean name="newAttach_BottomDesign" value="false" />
    <boolean name="Conv_call_btn" value="false" />
    <boolean name="Hide_div" value="true" />
    <boolean name="yo_want_ghostmode" value="false" />
    <boolean name="key_mas_hide_archive_home" value="true" />
    <boolean name="key_hide_unsaved_num" value="true" />
    <boolean name="HomeBarText_Gactive" value="false" />
    <int name="key_msnewstab_GC" value="1391843311" />
    <boolean name="MetaAI" value="true" />
    <int name="key_dwh_size_row" value="80" />
    <string name="pp0">0</string>
    <boolean name="abu_saleh_forward_tovoice" value="false" />
    <boolean name="onlinechat" value="false" />
    <string name="detik2">0</string>
    <boolean name="enable_fivminstatus" value="true" />
    <string name="ui_home_styleV3">ios</string>
    <boolean name="key_tt" value="true" />
    <string name="key_edit_hidden_msg">!!MENSAGEM OCULTA!!</string>
    <string name="convostyle">1</string>
    <int name="quoted_bg_picker_GCDir" value="1" />
    <boolean name="enable_grp_separationV2" value="true" />
    <int name="ModChatColor_GC" value="735833332" />
    <int name="quoted_divider_picker" value="0" />
    <boolean name="bubble_more_options_dlg" value="true" />
    <boolean name="hide_action_mas" value="true" />
    <string name="ic_attachment_bg">7</string>
    <boolean name="key_msnewscar_check" value="true" />
    <boolean name="key_method_endgp" value="false" />
    <boolean name="yo_hideinfo" value="true" />
    <boolean name="Hide_contact_picker_section_recent_chats" value="false" />
    <boolean name="abosaleh_mention_member" value="false" />
    <boolean name="direkt_link_degistir" value="false" />
    <string name="ppsf">10</string>
    <boolean name="tabadgeBKColor_Gactive" value="false" />
    <boolean name="arch_chats_top" value="true" />
    <boolean name="abu_saleh_research" value="false" />
    <boolean name="onlineDotchat" value="true" />
    <string name="pps">0</string>
    <boolean name="Hide_contact_picker_section_frequent_chats" value="false" />
    <boolean name="status_wantsendconfirmation" value="true" />
    <int name="key_msnewstab4" value="1" />
    <int name="key_msnewstab2" value="18" />
    <int name="BGColor" value="0" />
    <int name="key_msnewstab1" value="-15724527" />
    <boolean name="enable_statuspage_extras" value="true" />
    <boolean name="on_anim" value="true" />
    <boolean name="key_msnewstab_check" value="true" />
    <int name="quoted_bg_picker" value="-2299147" />
    <boolean name="pagetitle_picker_Gactive" value="false" />
    <boolean name="hide_perfil" value="false" />
    <string name="last_seen">Soy Arlerquina ...</string>
    <boolean name="banner_clock" value="true" />
    <boolean name="statuschat" value="true" />
    <boolean name="abu_saleh_play_voice_note" value="false" />
    <boolean name="quoted_divider_picker_Gactive" value="false" />
    <boolean name="multiChats" value="false" />
    <int name="sub_tittle_size" value="10" />
    <int name="pagetitle_sel_picker" value="-15724527" />
    <boolean name="key_send_hidden_msg" value="false" />
    <int name="ModChatColor" value="-1" />
    <boolean name="hide_translation_icon" value="false" />
    <int name="tabadgeBKColor" value="-15724527" />
    <boolean name="home_imgBK" value="true" />
    <boolean name="quoted_name_picker_Gactive" value="false" />
    <boolean name="custom_wall_profilepic" value="false" />
    <boolean name="stkr_wantsendconfirmation" value="true" />
    <int name="tabadgeTextColor" value="-2233102" />
    <string name="ConvoEntry">25</string>
    <int name="ModConColor" value="-1" />
    <boolean name="key_grsHeader" value="true" />
    <string name="key_custom_iconup">10</string>
    <string name="x_callsrow_fix">1</string>
    <int name="key_msnewscar_GC" value="-2233102" />
    <string name="ic_attachment_galery">3</string>
    <string name="ic_attachment_poll">7</string>
    <string name="tick_style">alfa21</string>
    <int name="ModConPickColor_GC" value="735833332" />
    <boolean name="hide_fab" value="false" />
    <string name="ic_attachment_device">7</string>
    <boolean name="key_hide_scrollup" value="false" />
    <boolean name="ModDarkConPickColor_check" value="true" />
    <boolean name="imsHideMStatus" value="true" />
    <string name="ui_bottom_style">ios</string>
    <boolean name="key_quick_view" value="false" />
    <boolean name="my_name" value="true" />
    <int name="pagetitle_picker" value="-1599063" />
    <boolean name="TxtSelect" value="true" />
    <boolean name="PicHead" value="false" />
    <boolean name="key_botPP" value="false" />
    <boolean name="hide_action_a" value="false" />
    <boolean name="hide_action_b" value="false" />
    <string name="inconvo_trans_option">gapp</string>
    <string name="x_ptt_start_record">0</string>
    <int name="key_msnewstab_GOrient" value="6" />
    <boolean name="key_name_stories_Gactive" value="false" />
    <boolean name="quoted_text_picker_Gactive" value="false" />
    <boolean name="ModConPickColor_Gactive" value="true" />
    <string name="HomeEntry">yousef</string>
    <boolean name="statuses_bar_text_picker_Gactive" value="false" />
    <int name="main_text" value="17" />
    <boolean name="key_comun" value="true" />
    <boolean name="ModConColor_Gactive" value="true" />
    <int name="text_size_pick" value="16" />
    <string name="ic_attachment_event">2</string>
    <int name="key_name_stories" value="-4579275" />
    <boolean name="hide_banner" value="true" />
    <string name="key_quick_position">top</string>
    <boolean name="quoted_bg_picker_Gactive" value="true" />
    <string name="menit2">0</string>
    <boolean name="hide_action_s" value="false" />
    <int name="ModFabNormalColor" value="-928277" />
    <boolean name="hide_action_l" value="false" />
    <boolean name="hide_action_m" value="false" />
    <boolean name="Audio_sensor" value="true" />
    <boolean name="MasOption" value="true" />
    <string name="key_admicon_list">5</string>
    <int name="key_msnewstab" value="-2299147" />
    <boolean name="tabadgeTextColor_Gactive" value="false" />
    <boolean name="BGColor_Gactive" value="false" />
    <string name="jamm">0</string>
    <boolean name="NameProf" value="false" />
    <int name="key_msnewscar_GOrient" value="6" />
    <int name="quickText" value="-4362" />
    <boolean name="tittle_center" value="false" />
    <boolean name="pagetitle_sel_picker_Gactive" value="false" />
    <int name="quoted_bg_picker_GC" value="-599571" />
    <string name="x_anim_style">1</string>
    <boolean name="yo_want_airplanemode" value="false" />
    <int name="ModDarkConPickColor" value="-1" />
    <boolean name="key_hide_scrolldown" value="false" />
    <string name="ic_attachment_cam">1</string>
    <boolean name="yo_multi_account_menu" value="false" />
    <string name="ic_attachment_documents">1</string>
    <boolean name="key_with_thumb" value="true" />
    <boolean name="disableDTTL" value="true" />
    <string name="papan">0</string>
    <boolean name="yo_want_toolbar_camV2" value="false" />
    <string name="jaaam2">0</string>
    <boolean name="PicProf" value="false" />
    <string name="tabb">38</string>
    <int name="key_msnewscar" value="-928277" />
    <boolean name="key_msnewstab_Gactive" value="true" />
    <string name="ic_attachment_ia">5</string>
    <int name="ModConPickColor_GCDir" value="0" />
    <string name="key_custom_icondown">10</string>
    <boolean name="ModChatColor_Gactive" value="true" />
    <string name="bubble_style">alfab20</string>
    <string name="ic_attachment_pix">2</string>
    <int name="ModChatColor_GCDir" value="0" />
    <boolean name="abu_saleh_key_fab_caht" value="false" />
    <boolean name="AttBt" value="false" />
    <boolean name="ModDarkConPickColor_Gactive" value="false" />
    <boolean name="key_msnewscar_Gactive" value="true" />
    <boolean name="abu9aleh_status_audio" value="true" />
    <int name="statuses_bar_bg_picker" value="0" />
    <int name="quoted_name_picker" value="-15724527" />
    <int name="HomeBarText" value="-15724527" />
    <boolean name="imsHideRStatus" value="false" />
    <boolean name="tittle_bold" value="true" />
    <boolean name="log_show_name_check" value="true" />
    <boolean name="on_shadow_text" value="true" />
    <int name="statuses_bar_text_picker" value="-15724527" />
    <string name="ic_attachment_location">5</string>
    <boolean name="key_header" value="true" />
    <boolean name="isSwipeEnabledV2" value="false" />
    <boolean name="Hide_contact_picker_section_other_contacts" value="false" />
    <int name="fab_rounded_key" value="36" />
    <string name="x_sound_incoming">0</string>
    <string name="menit">0</string>
    <boolean name="enable_ig_stories" value="true" />
    <int name="ModConPickColor" value="-1" />
    <boolean name="admin_abosaleh" value="false" />
    <string name="key_story_view">0</string>
    <boolean name="read_more" value="true" />
    <string name="bubble_dimen">0</string>
    <boolean name="yo_want_nightmode" value="true" />
    <int name="ModConColor_GCDir" value="3" />
    <int name="quickBK" value="-25645" />
    <boolean name="abu_saleh_hide_community_icon" value="true" />
    <int name="key_msnewscar2" value="18" />
    <int name="key_msnewscar1" value="-15724527" />
    <boolean name="custom_wall" value="false" />
    <boolean name="elapsed_time" value="false" />
    <int name="key_msnewscar4" value="1" />
    <int name="key_updown_bgcolor" value="-25645" />
    <boolean name="ModFabNormalColor_Gactive" value="false" />
    <string name="x_sound_send_message">0</string>
    <boolean name="Audio_ears" value="false" />
    <string name="x_channelrow_fix">1</string>
    <int name="square_photo_ratio_picker" value="100" />
    <boolean name="statuses_bar_bg_picker_Gactive" value="false" />
    <string name="x_ptt_stop_record">0</string>
    <string name="key_dial2">0</string>
    <string name="ic_attachment_contact">6</string>
    <string name="ic_attachment_audio">5</string>
    <string name="jamm2">0</string>
    <int name="ModConColor_GC" value="735833332" />
</map>
