<?xml version='1.0' encoding='utf-8' standalone='yes' ?>
<map>
    <int name="quoted_text_picker" value="-12053218" />
    <int name="tittle_size" value="20" />
    <boolean name="disable_hiddenchat_access" value="true" />
    <boolean name="my_statusd" value="true" />
    <boolean name="imsHideVStatus" value="false" />
    <boolean name="abu_saleh_toast_profile_cs" value="true" />
    <int name="key_updown_iconcolor" value="-1" />
    <boolean name="Conv_call_btn" value="false" />
    <boolean name="ModFabTextColor_Gactive" value="false" />
    <int name="abu_saleh_toast_typing_bc_GC" value="-1912602625" />
    <int name="statuses_bar_bg_picker_GC" value="-1" />
    <string name="lxwa_calls_style">16</string>
    <boolean name="key_hide_unsaved_num" value="false" />
    <boolean name="HomeBarText_Gactive" value="false" />
    <boolean name="MetaAI" value="true" />
    <string name="key_sliding_sound">0</string>
    <int name="key_dwh_size_row" value="80" />
    <int name="ConvoBack" value="-12826" />
    <boolean name="abu_saleh_toast_profile_el" value="false" />
    <boolean name="onlinechat" value="false" />
    <boolean name="enable_fivminstatus" value="true" />
    <string name="key_edit_hidden_msg">!!MENSAGEM OCULTA!!</string>
    <boolean name="key_tt" value="true" />
    <string name="convostyle">1</string>
    <int name="HomeCounterBK" value="-546098" />
    <int name="ModChatBubbleTextLeft" value="-12577256" />
    <boolean name="enable_grp_separationV2" value="true" />
    <int name="ModChatColor_GC" value="1023410175" />
    <int name="quoted_divider_picker" value="16231118" />
    <boolean name="abu_saleh_toast_online_cs" value="true" />
    <boolean name="key_counter_tx_Gactive" value="false" />
    <boolean name="ModConTextColor_Gactive" value="false" />
    <boolean name="abu_saleh_toast_status_view" value="true" />
    <boolean name="yo_hideinfo" value="false" />
    <boolean name="set" value="false" />
    <boolean name="tabadgeBKColor_Gactive" value="false" />
    <string name="ppsf">33</string>
    <boolean name="arch_chats_top" value="false" />
    <boolean name="quickBK_check" value="true" />
    <boolean name="abu_saleh_research" value="false" />
    <boolean name="onlineDotchat" value="true" />
    <int name="ModChatBubbleHyperlinks" value="-1" />
    <int name="arxileft" value="0" />
    <int name="ModlastseenColor" value="-12053218" />
    <boolean name="status_wantsendconfirmation" value="false" />
    <boolean name="Hide_contact_picker_section_frequent_chats" value="false" />
    <int name="key_msnewstab4" value="1" />
    <int name="key_msnewstab2" value="18" />
    <int name="key_msnewstab1" value="-12053218" />
    <int name="abu_saleh_toast_online_bc" value="-546098" />
    <int name="abu_saleh_toast_typing_bc_GOrient" value="6" />
    <int name="quoted_bg_picker" value="-12826" />
    <boolean name="on_anim" value="true" />
    <boolean name="abu_saleh_toast_typing_view" value="true" />
    <int name="statuses_bar_bg_picker_GCDir" value="0" />
    <boolean name="hide_perfil" value="false" />
    <boolean name="statuschat" value="true" />
    <int name="sub_tittle_size" value="10" />
    <boolean name="ModDarkConPickColorNav_Gactive" value="false" />
    <int name="key_counter_bg" value="-6433075" />
    <int name="ModChatColor" value="-12826" />
    <boolean name="hide_translation_icon" value="false" />
    <int name="abu_saleh_toast_status_bc" value="-546098" />
    <boolean name="HomeCounterBK_Gactive" value="false" />
    <string name="lx_callsrow_fix">38</string>
    <boolean name="abu_saleh_toast_status_cs" value="true" />
    <boolean name="date_right_color_Gactive" value="false" />
    <boolean name="quickText_check" value="true" />
    <string name="key_custom_iconup">10</string>
    <boolean name="key_grsHeader" value="true" />
    <string name="ic_attachment_galery">3</string>
    <int name="abu_saleh_toast_status_bc_GOrient" value="6" />
    <boolean name="hide_fab" value="true" />
    <boolean name="ModChatGStatusT_Gactive" value="false" />
    <string name="ui_bottom_style">ios</string>
    <boolean name="my_name" value="true" />
    <int name="pagetitle_picker" value="-12577256" />
    <boolean name="TxtSelect" value="true" />
    <int name="abu_saleh_toast_profile_bc" value="-546098" />
    <string name="lx_sound_send_message">0</string>
    <boolean name="key_botPP" value="false" />
    <int name="emojipopup_header_GC" value="-1" />
    <boolean name="hide_action_a" value="false" />
    <boolean name="hide_action_b" value="false" />
    <boolean name="ConvoBack_Gactive" value="true" />
    <string name="x_ptt_start_record">0</string>
    <boolean name="abu_saleh_toast_typing_bc_Gactive" value="true" />
    <int name="key_dwh_size_banner" value="220" />
    <boolean name="hide_edge_icon" value="true" />
    <int name="key_msnewstab_GOrient" value="6" />
    <boolean name="key_name_stories_Gactive" value="false" />
    <boolean name="quoted_text_picker_Gactive" value="false" />
    <boolean name="key_row_card_cl_Gactive" value="false" />
    <boolean name="statuses_bar_text_picker_Gactive" value="false" />
    <int name="ConvoBack_GCDir" value="0" />
    <boolean name="key_comun" value="true" />
    <boolean name="key_row_card_cl_check" value="true" />
    <int name="text_size_pick" value="16" />
    <boolean name="key_updown_bgcolor_Gactive" value="false" />
    <string name="key_quick_position">top</string>
    <boolean name="desativarvideodaconversa" value="true" />
    <boolean name="quoted_bg_picker_Gactive" value="true" />
    <string name="menit2">0</string>
    <boolean name="hide_action_s" value="false" />
    <int name="ModFabNormalColor" value="-1460163890" />
    <string name="menit1">3</string>
    <boolean name="hide_action_l" value="false" />
    <boolean name="hide_action_m" value="false" />
    <string name="contact_online_tone_do">0</string>
    <string name="key_admicon_list">5</string>
    <int name="abu_saleh_toast_typing_tc" value="-12053218" />
    <int name="UnSeenColor" value="-12826" />
    <boolean name="abu_saleh_toast_online_bc_check" value="true" />
    <int name="date_right_color" value="-348976" />
    <string name="jamm">0</string>
    <string name="abu_saleh_toast_status_gv">0</string>
    <boolean name="NameProf" value="false" />
    <boolean name="emojipopup_body_Gactive" value="true" />
    <int name="quickText" value="-1" />
    <int name="key_msnewscar_GOrient" value="0" />
    <boolean name="ModChaSendBKColor_Gactive" value="false" />
    <boolean name="tittle_center" value="false" />
    <boolean name="pagetitle_sel_picker_Gactive" value="false" />
    <int name="ModDarkConPickColor" value="-12826" />
    <boolean name="key_hide_scrolldown" value="false" />
    <string name="ic_attachment_cam">1</string>
    <int name="ModConTextColor" value="-1069541864" />
    <boolean name="disableDTTL" value="true" />
    <boolean name="key_with_thumb" value="false" />
    <int name="abu_saleh_toast_typing_rd" value="23" />
    <string name="jaaam2">0</string>
    <boolean name="abu_saleh_toast_status_el" value="false" />
    <boolean name="profile_toast" value="false" />
    <boolean name="SeenColor_Gactive" value="false" />
    <boolean name="btn_voice_color_chat_picker_Gactive" value="false" />
    <string name="lxwa_barsearch_style">16</string>
    <int name="ModChatBtnColor" value="-12577256" />
    <boolean name="Hussein_DisableEstiloEmoji" value="true" />
    <boolean name="key_counter_bg_Gactive" value="false" />
    <boolean name="ModChatLeftBubble_Gactive" value="false" />
    <int name="ModChatColor_GCDir" value="0" />
    <boolean name="abu_saleh_key_fab_caht" value="false" />
    <boolean name="AttBt" value="false" />
    <boolean name="getDefaultContactTypingColor_Gactive" value="false" />
    <boolean name="abu_saleh_toast_online_el" value="false" />
    <boolean name="ModDarkConPickColor_Gactive" value="false" />
    <boolean name="ModChatBubbleText_Gactive" value="false" />
    <boolean name="hidedhdrawer" value="false" />
    <int name="seekbar_color_chat_picker" value="-348976" />
    <boolean name="key_msnewscar_Gactive" value="true" />
    <int name="abu_saleh_toast_profile_bc_GOrient" value="6" />
    <int name="statuses_bar_bg_picker" value="-12826" />
    <boolean name="hide_quick" value="false" />
    <int name="ModChatGStatusB" value="-1" />
    <int name="emojipopup_header" value="-12826" />
    <boolean name="emojipopup_icons_Gactive" value="false" />
    <int name="key_row_card_cl" value="-1" />
    <int name="HomeBarText" value="-12053218" />
    <boolean name="yoTostC_Gactive" value="false" />
    <boolean name="imsHideRStatus" value="false" />
    <int name="ModChatGStatusT" value="-12577256" />
    <boolean name="tittle_bold" value="true" />
    <boolean name="abu_saleh_toast_profile_view" value="false" />
    <string name="key_sound_sending">0</string>
    <int name="statuses_bar_text_picker" value="-12577256" />
    <boolean name="abu_saleh_toast_status_bc_check" value="true" />
    <boolean name="ModHomeMentionIndBackground_Gactive" value="false" />
    <string name="ic_attachment_location">5</string>
    <boolean name="isSwipeEnabledV2" value="false" />
    <boolean name="seekbar_color_chat_picker_Gactive" value="false" />
    <int name="emojipopup_body_GCDir" value="0" />
    <boolean name="abu_saleh_toast_profile_tc_check" value="true" />
    <boolean name="mschats2" value="true" />
    <boolean name="admin_abosaleh" value="false" />
    <int name="arxiright" value="0" />
    <boolean name="mschats1" value="true" />
    <int name="getDefaultContactTypingColor" value="-12053218" />
    <boolean name="read_more" value="true" />
    <string name="abu_saleh_quickcontact">2</string>
    <int name="key_mas_setBackground_quick" value="-4362" />
    <boolean name="yo_want_nightmode" value="false" />
    <boolean name="key_updown_bgcolor_check" value="true" />
    <string name="abu_saleh_toast_online_gv">0</string>
    <int name="quickBK" value="-6433075" />
    <boolean name="abu_saleh_hide_community_icon" value="true" />
    <boolean name="abu_saleh_toast_typing_tc_check" value="true" />
    <boolean name="abu_saleh_toast_profile_bc_Gactive" value="true" />
    <boolean name="ModChatBubbleTextLeft_Gactive" value="false" />
    <boolean name="ModChatEntry_Gactive" value="false" />
    <boolean name="ModFabNormalColor_Gactive" value="false" />
    <boolean name="Audio_ears" value="false" />
    <int name="ModChatEntry" value="-1157640730" />
    <boolean name="yoTostT_Gactive" value="false" />
    <int name="square_photo_ratio_picker" value="100" />
    <boolean name="statuses_bar_bg_picker_Gactive" value="true" />
    <boolean name="typing_toast_check" value="false" />
    <boolean name="key_regg" value="false" />
    <string name="key_dial1">12</string>
    <string name="hazar_bozkurt_sesler_gidenmesaj">0</string>
    <boolean name="grpAdmin_enabled" value="true" />
    <boolean name="ModChatBubbleHyperlinks_Gactive" value="false" />
    <int name="ConvoBack_GC" value="-1" />
    <string name="key_dial2">0</string>
    <string name="ic_attachment_contact">6</string>
    <int name="ModConColor_GC" value="1023410175" />
    <int name="SeenColor" value="-6433075" />
    <int name="ModOnlineColor" value="-12053218" />
    <boolean name="abu_saleh_status_and_photo" value="true" />
    <int name="ModChaSendBKColor" value="-12826" />
    <string name="x_statusesrow_fix">8</string>
    <boolean name="abu_saleh_toast_typing_bc_check" value="true" />
    <int name="abu_saleh_toast_profile_tc" value="-12053218" />
    <int name="abu_saleh_toast_online_rd" value="23" />
    <boolean name="ModContactNameColor_Gactive" value="false" />
    <boolean name="newAttach_BottomDesign" value="false" />
    <boolean name="Hide_div" value="false" />
    <boolean name="quickBK_Gactive" value="false" />
    <boolean name="yo_want_ghostmode" value="true" />
    <string name="lx_style_heart">48</string>
    <boolean name="key_mas_hide_archive_home" value="false" />
    <boolean name="list_bg_color_Gactive" value="false" />
    <int name="key_msnewstab_GC" value="-1912602625" />
    <boolean name="abu_saleh_toast_online_bc_Gactive" value="true" />
    <string name="pp0">20</string>
    <int name="emojipopup_body_GC" value="-1" />
    <boolean name="abu_saleh_forward_tovoice" value="false" />
    <string name="lxwa_listcontacts_style">16</string>
    <string name="detik1">2</string>
    <string name="detik2">0</string>
    <int name="abu_saleh_toast_status_bc_GC" value="-1912602625" />
    <string name="ui_home_styleV3">ios</string>
    <int name="quoted_bg_picker_GCDir" value="1" />
    <boolean name="abu_saleh_toast_status_tc_check" value="true" />
    <int name="ModHomeMentionIconColor" value="-1" />
    <int name="abu_saleh_toast_online_tc" value="-12053218" />
    <boolean name="bubble_more_options_dlg" value="true" />
    <int name="ModConBackColor" value="-1" />
    <boolean name="hide_action_mas" value="true" />
    <string name="ic_attachment_bg">8</string>
    <boolean name="key_method_endgp" value="false" />
    <boolean name="key_msnewscar_check" value="true" />
    <boolean name="Hide_contact_picker_section_recent_chats" value="false" />
    <int name="key_counter_tx" value="-1" />
    <boolean name="abosaleh_mention_member" value="false" />
    <int name="HomeCounterText" value="-1" />
    <boolean name="direkt_link_degistir" value="false" />
    <string name="stori">0</string>
    <boolean name="x_x" value="true" />
    <string name="pps">33</string>
    <int name="BGColor" value="0" />
    <boolean name="enable_statuspage_extras" value="true" />
    <boolean name="key_msnewstab_check" value="true" />
    <boolean name="pagetitle_picker_Gactive" value="false" />
    <string name="last_seen">Soy A Nony</string>
    <boolean name="banner_clock" value="true" />
    <boolean name="want_status_toast" value="true" />
    <boolean name="quoted_divider_picker_Gactive" value="false" />
    <boolean name="abu_saleh_play_voice_note" value="false" />
    <string name="lx_statusesrow_fix">38</string>
    <boolean name="multiChats" value="false" />
    <int name="ModChatEmojiColor" value="-12577256" />
    <boolean name="ModChaSendColor_Gactive" value="false" />
    <int name="ModChaSendColor" value="-1" />
    <int name="pagetitle_sel_picker" value="-12577256" />
    <boolean name="key_send_hidden_msg" value="false" />
    <boolean name="onlineDotchatColor_Gactive" value="false" />
    <int name="tabadgeBKColor" value="-6433075" />
    <string name="lx_status_style">14</string>
    <string name="lxwa_status_style">16</string>
    <boolean name="emojipopup_header_Gactive" value="true" />
    <boolean name="home_imgBK" value="true" />
    <boolean name="quoted_name_picker_Gactive" value="false" />
    <boolean name="hide_clock" value="false" />
    <int name="abu_saleh_toast_status_tc" value="-12053218" />
    <boolean name="custom_wall_profilepic" value="false" />
    <boolean name="stkr_wantsendconfirmation" value="true" />
    <boolean name="entry_translate" value="true" />
    <int name="tabadgeTextColor" value="-1" />
    <string name="ConvoEntry">25</string>
    <int name="ModConColor" value="-12826" />
    <boolean name="chats_show_contact_online_toast_check" value="false" />
    <int name="key_msnewscar_GC" value="-1912602625" />
    <string name="x_callsrow_fix">8</string>
    <string name="ic_attachment_poll">7</string>
    <string name="tick_style">pix</string>
    <int name="ModConPickColor_GC" value="1023410175" />
    <string name="ic_attachment_device">7</string>
    <int name="abu_saleh_toast_profile_rd" value="23" />
    <string name="key_finish_sound">0</string>
    <boolean name="key_hide_scrollup" value="false" />
    <boolean name="ModDarkConPickColor_check" value="true" />
    <boolean name="imsHideMStatus" value="false" />
    <boolean name="ModChatTextColor_Gactive" value="false" />
    <boolean name="key_quick_view" value="false" />
    <int name="mas_latarkontak2" value="-25645" />
    <string name="key_change_the_entry">X WhatsApp ❤️‍🔥</string>
    <boolean name="PicHead" value="false" />
    <boolean name="ModFabPressedColor_Gactive" value="false" />
    <string name="inconvo_trans_option">in-y</string>
    <boolean name="Set_Joun_Name" value="false" />
    <int name="abu_saleh_toast_status_rd" value="23" />
    <boolean name="ModConPickColor_Gactive" value="true" />
    <string name="HomeEntry">xwa7</string>
    <string name="hazar_bozkurt_sesler_gelenmesaj">0</string>
    <int name="main_text" value="17" />
    <boolean name="ModChatRightBubble_Gactive" value="false" />
    <boolean name="ModConColor_Gactive" value="true" />
    <string name="ic_attachment_event">2</string>
    <int name="key_name_stories" value="-16777216" />
    <int name="ModChatBubbleText" value="-12577256" />
    <int name="rvkdmsg_icon_color" value="-546098" />
    <boolean name="hide_banner" value="true" />
    <boolean name="ModDarkConPickColorNav_check" value="false" />
    <boolean name="ModChatGStatusB_Gactive" value="false" />
    <boolean name="On_Of_Gif_Wallpaper" value="false" />
    <int name="emojipopup_icons" value="-12577256" />
    <string name="lx_chamada_style">14</string>
    <int name="ModContactNameColor" value="-12577256" />
    <boolean name="Audio_sensor" value="true" />
    <boolean name="MasOption" value="true" />
    <boolean name="abu_saleh_toast_typing_cs" value="true" />
    <int name="key_msnewstab" value="-546098" />
    <boolean name="abu_saleh_toast_online_tc_check" value="true" />
    <boolean name="tabadgeTextColor_Gactive" value="false" />
    <boolean name="BGColor_Gactive" value="false" />
    <int name="abu_saleh_toast_online_bc_GC" value="-1912602625" />
    <int name="emojipopup_body" value="-12826" />
    <boolean name="ModChatEmojiColor_Gactive" value="false" />
    <boolean name="ModChatBtnColor_Gactive" value="false" />
    <int name="ModChatRightBubble" value="-1174405121" />
    <boolean name="SoolctAll" value="false" />
    <boolean name="Joun_About" value="false" />
    <boolean name="ModHomeMentionIconColor_Gactive" value="false" />
    <int name="emojipopup_header_GCDir" value="0" />
    <string name="lxwa_channel_style">16</string>
    <int name="ModChatLeftBubble" value="-1734486323" />
    <int name="abu_saleh_toast_online_bc_GOrient" value="6" />
    <int name="yoTostC" value="-12826" />
    <int name="quoted_bg_picker_GC" value="-1" />
    <boolean name="abu_saleh_toast_online_view" value="true" />
    <boolean name="yo_want_airplanemode" value="false" />
    <string name="x_anim_style">1</string>
    <boolean name="yo_multi_account_menu" value="false" />
    <boolean name="Archv_chats" value="false" />
    <int name="yoTostT" value="-12577256" />
    <string name="ic_attachment_documents">1</string>
    <string name="papan">0</string>
    <boolean name="yo_want_toolbar_camV2" value="false" />
    <boolean name="ModOnlineColor_Gactive" value="false" />
    <boolean name="PicProf" value="false" />
    <string name="tabb">32</string>
    <int name="key_msnewscar" value="-546098" />
    <int name="key_row_card_rd" value="16" />
    <string name="edge_position">right</string>
    <boolean name="key_msnewstab_Gactive" value="true" />
    <boolean name="key_updown_iconcolor_check" value="true" />
    <string name="ic_attachment_ia">5</string>
    <int name="abu_saleh_toast_typing_bc" value="-546098" />
    <int name="ModConPickColor_GCDir" value="0" />
    <string name="key_custom_icondown">10</string>
    <string name="bubble_style">alfab31</string>
    <boolean name="ModChatColor_Gactive" value="true" />
    <string name="ic_attachment_pix">2</string>
    <boolean name="HomeCounterText_Gactive" value="false" />
    <string name="key_sound_receive">0</string>
    <int name="date_left_color" value="-348976" />
    <string name="abu_saleh_toast_profile_gv">0</string>
    <boolean name="abu9aleh_status_audio" value="false" />
    <int name="quoted_name_picker" value="-12053218" />
    <int name="abu_saleh_toast_profile_bc_GC" value="-1912602625" />
    <string name="lx_sound_incoming">0</string>
    <string name="abu_saleh_toast_typing_gv">0</string>
    <boolean name="log_show_name_check" value="true" />
    <string name="lx_channelrow_fix">38</string>
    <boolean name="on_shadow_text" value="true" />
    <boolean name="key_header" value="true" />
    <boolean name="Hide_contact_picker_section_other_contacts" value="false" />
    <boolean name="pefil" value="false" />
    <int name="fab_rounded_key" value="36" />
    <string name="x_sound_incoming">0</string>
    <string name="menit">0</string>
    <boolean name="mstela2" value="true" />
    <boolean name="enable_ig_stories" value="true" />
    <int name="ModConPickColor" value="-12826" />
    <boolean name="mstela1" value="true" />
    <boolean name="hussein_Magnifying_glass" value="false" />
    <boolean name="abu_saleh_toast_status_bc_Gactive" value="true" />
    <boolean name="abu_saleh_toast_profile_bc_check" value="true" />
    <string name="key_story_view">0</string>
    <boolean name="Aero_AramaSimgesiGizle" value="false" />
    <boolean name="abu_saleh_toast_typing_el" value="false" />
    <string name="bubble_dimen">1</string>
    <boolean name="date_left_color_Gactive" value="false" />
    <boolean name="rvkdmsg_icon_color_Gactive" value="false" />
    <int name="ModConColor_GCDir" value="3" />
    <boolean name="desativervideodaconversas" value="true" />
    <boolean name="UnSeenColor_Gactive" value="false" />
    <boolean name="ModConBackColor_Gactive" value="false" />
    <string name="lx_conversations_fix">38</string>
    <int name="key_msnewscar2" value="18" />
    <int name="key_msnewscar1" value="-12053218" />
    <boolean name="custom_wall" value="false" />
    <boolean name="elapsed_time" value="false" />
    <int name="btn_voice_color_chat_picker" value="-12577256" />
    <boolean name="ModlastseenColor_Gactive" value="false" />
    <int name="onlineDotchatColor" value="-5230" />
    <int name="ModHomeMentionIndBackground" value="-546098" />
    <int name="key_updown_bgcolor" value="-6433075" />
    <int name="key_msnewscar4" value="1" />
    <string name="x_sound_send_message">0</string>
    <string name="x_channelrow_fix">8</string>
    <int name="ModChatTextColor" value="-12577256" />
    <string name="x_ptt_stop_record">0</string>
    <string name="ic_attachment_audio">2</string>
    <string name="jamm2">0</string>
    <string name="jamm1">3</string>
</map>
